date,Electricity,Maximum_Humidity,Solar_Radiation,Day_Degree_Hot,Day_Degree_Cold,Average_Humidity,Max_OutdoorTemp,Average_OutdoorTemp,Min_OutdoorTemp,Year,Quarter,Month,Week,Day,Is_Weekend,Is_Holiday
2018-09-16,0.14105843352542627,0.7262248680752845,0.6351734612935578,0.0,0.43712102228841776,0.6902261156721556,0.6724533937069612,0.7304953241519972,0.7546618914150034,2018,3,9,37,16,1,0
2018-09-23,0.15260602165117743,0.6109560249352541,0.8782926159059384,0.0,0.4136766225535648,0.7009127184332433,0.6290515713070249,0.7646778422052846,0.8153695115392506,2018,3,9,38,23,1,0
2018-09-30,0.13980814186407922,0.5169721755879174,0.8038859829901546,0.0,0.4961272255575016,0.6205109388616247,0.7131970996942636,0.7534159139994084,0.7879813124112702,2018,3,9,39,30,1,0
2018-10-07,0.10306101335258665,0.6571060919585104,0.8706314308009063,0.0,0.42470958094114203,0.6792643214236574,0.6314994412237444,0.7368417555077413,0.8250694987304104,2018,4,10,40,7,1,0
2018-10-14,0.08323684662355214,0.854913628929753,0.6893704729930356,0.009041591320072331,0.34285214774298894,0.6686235839104715,0.6341003030102591,0.6187685836889003,0.6409837124040627,2018,4,10,41,14,1,0
2018-10-21,0.05842031811998397,0.8192844779343819,0.6236868639882319,0.0108499095840868,0.13808993078644952,0.8070907673255978,0.44586930587250245,0.5582799881680302,0.6284307878037383,2018,4,10,42,21,1,0
2018-10-28,0.04680229102739636,0.6026182450752002,0.6869786176622308,0.09538878842676311,0.040572814715606295,0.9122597807641155,0.33546017317045873,0.4438899626806705,0.48628318139211074,2018,4,10,43,28,1,0
2018-11-04,0.007955200817092015,0.5821918773886521,0.6738977058189888,0.20547016274864374,0.0332175091238882,0.518919414759437,0.2689087098096427,0.39537159273711553,0.4566839557720278,2018,4,11,44,4,1,0
2018-11-11,0.013779622887381299,0.591099029572656,0.7946791519781706,0.4213381555153707,0.0,0.7262762005228638,0.14651521397365888,0.24712495289498318,0.30362386377034545,2018,4,11,45,11,1,0
2018-11-18,0.01845500931115093,0.9893711743602418,0.3378692120151379,0.3245931283905967,0.0,0.6631197541622715,0.18088738738759763,0.274040253009656,0.32651868647889165,2018,4,11,46,18,1,0
2018-11-25,0.008236956684437831,0.9135768728553642,0.3669411263541008,0.18806509945750452,0.0009490716892539485,1.0,0.21158775592645687,0.3409035248734749,0.41046636974356077,2018,4,11,47,25,1,0
2018-12-02,0.010204845320431262,0.5400794735312362,0.7532601904997354,0.3293399638336347,0.0,0.8124570013300924,0.1460052410743422,0.26129090032375835,0.3478443936123972,2018,4,12,48,2,1,0
2018-12-09,0.010495406058631635,0.8967402621064823,0.685110433687943,0.4231464737793852,0.00166087545619441,0.6599091868091551,0.21852338735716267,0.21001017063159225,0.238006303359559,2018,4,12,49,9,1,0
2018-12-16,0.012273989971252097,0.5202701969919787,0.7065356590147879,0.38223327305605787,0.008423011242128792,0.8842361142961978,0.2337205797567973,0.21135593563732583,0.2553378981202342,2018,4,12,50,16,1,0
2018-12-23,0.01007277225761291,0.5643054525262778,0.6968975692386133,0.4274412296564195,0.00023726792231348713,0.5242397835160302,0.1878230188183033,0.21227672222019622,0.25968862766921025,2018,4,12,51,23,1,0
2018-12-30,0.002179205536502793,0.7037897421882114,0.4976614562174221,0.5214737793851717,0.0,0.601155804247122,0.20659002151315417,0.15022987248216094,0.1846563738081805,2018,4,12,52,30,1,0
2019-01-06,0.0011754502590833249,0.6177353514057531,0.7908286272978978,0.535262206148282,0.0,0.7868183277530619,0.15931553374650545,0.1600752059451596,0.20883501835085075,2019,1,1,1,6,1,0
2019-01-13,0.0,0.5530617047766541,0.7549544213590554,0.7522603978300181,0.0,0.6167499885336883,0.17701159335279154,0.06310929579519348,0.05941242154585334,2019,1,1,2,13,1,0
2019-01-20,0.00491752037226994,0.4456244008034113,0.5637908200793301,0.8037974683544303,0.0,0.5801953859560611,0.13998756086240632,0.06070108473230172,0.052850665504774734,2019,1,1,3,20,1,0
2019-01-27,0.00956208974804862,0.16272769470364423,0.6981315491479149,0.549502712477396,0.0,0.41622712470760914,0.10816525194505061,0.16921224203671958,0.23686512839589322,2019,1,1,4,27,1,0
2019-02-03,0.008690407533447504,0.21602962037506973,0.6925722975154082,0.4740054249547921,0.0,0.2653763243590331,0.1218835229366671,0.22615935070039586,0.28600697526875385,2019,1,2,5,3,1,0
2019-02-10,0.004992361774533672,0.3699613260627197,0.88611144602141,0.560126582278481,0.0,0.2741824519561528,0.08363555548792224,0.17537442916823684,0.2580481886589406,2019,1,2,6,10,1,0
2019-02-17,0.009042602367629772,0.7043493538437509,0.7552171630431211,0.7215189873417722,0.0,0.5053433013805441,0.13529581018869374,0.11261928205876279,0.10812632780733937,2019,1,2,7,17,1,0
2019-02-24,0.010689113217431883,0.7309498865593426,0.7659660159388284,0.5180831826401446,0.0,0.7675549236343628,0.17038194566167572,0.20668117298583003,0.2119019260657027,2019,1,2,8,24,1,0
2019-03-03,0.011314259048105412,0.4377589288425579,0.888675442455568,0.4509493670886076,0.01767646021235479,0.7067834701646565,0.25865825453337893,0.20809776772870753,0.1924306282481541,2019,1,3,9,3,1,0
2019-03-10,0.019524801119979573,0.328377082818187,0.8424981384781227,0.260623869801085,0.06465550883042523,0.43292207494381524,0.36264172870403355,0.30725939973013394,0.3117547353864646,2019,1,3,10,10,1,0
2019-03-17,0.020480129607698978,0.06396328687255176,1.0,0.23033453887884267,0.10546559146834503,0.3606384442507912,0.44714423812079407,0.30662193209583904,0.30612018400336455,2019,1,3,11,17,1,0
2019-03-24,0.02553412547821455,0.5382222352364462,0.738495919866859,0.20049728752260396,0.13524271571868768,0.2270788423611431,0.4951836852364176,0.3596734052166021,0.34406425154525405,2019,1,3,12,24,1,0
2019-03-31,0.021061251084099723,0.5550376978704388,0.8239938758734425,0.2619801084990958,0.0800779237808019,0.5497408613493561,0.39742188043742555,0.3120049921187735,0.29092829229956296,2019,1,3,13,31,1,0
2019-04-07,0.019524801119979573,0.4555943813254553,0.7360188999901848,0.19778481012658228,0.1179221573898031,0.6809613355960192,0.4685121026021594,0.3571235346794225,0.34763042330670985,2019,2,4,14,7,1,0
2019-04-14,0.02864224488987308,0.07877943926044483,0.8988082114024316,0.2280741410488246,0.03274297327926122,0.3851763518781821,0.30399484528262466,0.29741406626713507,0.3490568920112921,2019,2,4,15,14,1,0
2019-04-21,0.02872148872756409,0.5261396122628694,0.7286095844995328,0.12386980108499096,0.20025412643258314,0.19423932486355083,0.5586753112013341,0.4703802843724802,0.44077882971593496,2019,2,4,16,21,1,0
2019-04-28,0.0333000215719336,0.3745325724350046,0.8133827358604179,0.179249547920434,0.08885683690640092,0.6188139246892629,0.4168008506114564,0.36307323259950813,0.37038259914479776,2019,2,4,17,28,1,0
2019-05-05,0.05099340955416536,0.4847543782020415,0.9736442910707919,0.1525768535262206,0.20274543961687477,0.38912076319772526,0.5857548721550455,0.4555060395722662,0.4047604949252315,2019,2,5,18,5,1,0
2019-05-12,0.09799821261121652,0.3064963755384634,0.9619477561008338,0.052667269439421335,0.3842554001866924,0.5307067834701648,0.6989688558033305,0.6030443820429597,0.559175732196267,2019,2,5,19,12,1,0
2019-05-19,0.07619735237533404,0.02815085221480417,0.9101224119217838,0.04000904159132008,0.4574525542204032,0.4028803375682246,0.7556778422073362,0.6346344448091283,0.5760793863455674,2019,2,5,20,19,1,0
2019-05-26,0.07925264256186522,0.16712921389745636,0.9205269826107843,0.023508137432188065,0.3990846453312854,0.0,0.702946644418,0.612606396557383,0.583853640785541,2019,2,5,21,26,1,0
2019-06-02,0.07874196005230093,0.22847935293275545,0.9343091429487396,0.021021699819168176,0.4853315350922379,0.3464660826491771,0.7730169207841007,0.6560250254265789,0.5946948029403666,2019,2,6,22,2,1,0
2019-06-09,0.09250837563340039,0.0,0.8937255188244717,0.03955696202531645,0.46777370884103986,0.04260881530064703,0.764143392335992,0.6484462435521844,0.5775771784853788,2019,2,6,23,9,1,0
2019-06-16,0.09952585770448212,0.04399621286065676,0.8894219912406374,0.0,0.5300565384483302,0.2112094665871672,0.7647043625252401,0.7279172086276131,0.7257159534562522,2019,2,6,24,16,1,0
2019-06-23,0.09905919954919061,0.2505715413613746,0.8921979930336623,0.014014466546112117,0.4665873692294724,0.19786267944778263,0.7435914844935329,0.6796113278954896,0.6317116658242776,2019,2,6,25,23,1,0
2019-06-30,0.13772138747154927,0.34249643193343643,0.8929372937722745,0.0,0.5591218589317324,0.4832362518919418,0.7859192351368105,0.7540533816337032,0.7359865281292447,2019,2,6,26,30,1,0
2019-07-07,0.15471478822084378,0.4600918804253044,0.7523288165300129,0.0,0.6859415634082913,0.4393432096500484,0.8657809911697899,0.8530025244236981,0.8174378911608949,2019,3,7,27,7,1,0
2019-07-14,0.13432270732169035,0.08925100968692097,0.8148613373376427,0.0,0.5816623115515137,0.3471081961198001,0.7727109370445107,0.8156044232117315,0.8143709834460429,2019,3,7,28,14,1,0
2019-07-21,0.1427401638586466,0.4142687957938025,0.8523029333228078,0.0,0.6594861900703376,0.34651194789707873,0.8288079559693365,0.853639992057993,0.8372658061545892,2019,3,7,29,21,1,0
2019-07-28,0.15833799257749387,0.17841146206136657,0.8458938482432199,0.0,0.7464448835982305,0.2938586433059671,0.8748075114876938,0.9126411630988416,0.8886900029547813,2019,3,7,30,28,1,0
2019-08-04,0.15603551884902728,0.47729126268344596,0.8764316799781077,0.0,0.7080074801834455,0.5020868687795261,0.8657809911697899,0.8525775460008348,0.8504606416719755,2019,3,8,31,4,1,0
2019-08-11,0.16102347818813367,0.23294702776801715,0.8514277317131271,0.0,0.7313783705313243,0.37256340870522436,0.8759294518661902,0.886717479304183,0.8692900285724621,2019,3,8,32,11,1,0
2019-08-18,0.15563929966057222,0.2362797537708714,0.86289595321969,0.0,0.7577151099081213,0.2637251754345733,0.8917386117450048,0.8972002804014766,0.8742113456032709,2019,3,8,33,18,1,0
2019-08-25,0.16664979066419544,0.6199873545118143,0.86660876501728,0.0,0.7459703477536035,0.6182176764665416,0.8758784545762587,0.8638394742067108,0.8859797124160751,2019,3,8,34,25,1,0
2019-09-01,0.15555565338745395,0.46156845265208185,0.8618957228086263,0.0,0.6635197447496667,0.5513461450259143,0.8174865576045081,0.8268663514176076,0.8637268006245912,2019,3,9,35,1,1,0
2019-09-08,0.16064046630596046,0.5654967963317239,0.7211477206720677,0.0,0.5719343267366607,0.5890932440489843,0.7350239397850139,0.8202791858632272,0.8752098736964786,2019,3,9,36,8,1,0
2019-09-15,0.1147142599285925,0.37041899295930447,0.7384560556113454,0.0,0.42257416964032063,0.40333899004724116,0.6629647691115785,0.7212592133360887,0.7445453403567387,2019,3,9,37,15,1,0
2019-09-22,0.13107370997635892,0.7792429625580753,0.6886347962776516,0.0,0.42720089412543355,0.8131449800486173,0.6502664439185952,0.735920968924871,0.79846585738995,2019,3,9,38,22,1,0
2019-09-29,0.10369056161868746,0.5294869792683399,0.9263870281712558,0.0,0.39849147552550157,0.5659771591065452,0.672042286719414,0.654820919895133,0.668871175578647,2019,3,9,39,29,1,0
2019-10-06,0.10602385239514499,0.31500930517055126,0.8853630852247264,0.0081374321880651,0.3503260872958638,0.39008393340366027,0.6345592786196441,0.6456838838035731,0.6503270824190768,2019,4,10,40,6,1,0
2019-10-13,0.08981848758733331,0.7259638117796079,0.8038769229320833,0.011980108499095839,0.25221580141923683,0.7072421226436734,0.5615821567274387,0.5917116240999395,0.6256491738298028,2019,4,10,41,13,1,0
2019-10-20,0.04969469110311824,0.38277654142644574,0.7847022160301321,0.07210669077757685,0.07236671630561357,0.49594092556070296,0.37885886690230125,0.4883002078698808,0.5250831301567497,2019,4,10,42,20,1,0
2019-10-27,0.02294109101154759,0.43578944286104687,0.77267951896961,0.17246835443037975,0.0073553055917181,0.4824106774297116,0.24912176131615849,0.3520237936050634,0.4056163761479809,2019,4,10,43,27,1,0
2019-11-03,0.05272356667708576,0.5712301045042227,0.7033283984575724,0.07436708860759494,0.0803151917031154,0.6078521304407651,0.34724054714467234,0.5156404864074169,0.5768639441330876,2019,4,11,44,3,1,0
2019-11-10,0.027620879870744495,0.041662870851173824,0.7082280778624936,0.1329113924050633,0.005457162213210205,0.14163188552034153,0.21102678573720862,0.3783724558225854,0.48100524718515614,2019,4,11,45,10,1,0
2019-11-17,0.017684583111377213,0.13021165467188955,0.5374043069526797,0.3627938517179023,0.0,0.22400587075173148,0.13672373430678006,0.26256583559234814,0.3564745292751203,2019,4,11,46,17,1,0
2019-11-24,0.00967215063373058,0.5969136766485762,0.4397731211771049,0.46044303797468356,0.0,0.6337201302573042,0.0897042329897897,0.23607551390053846,0.3167473758525028,2019,4,11,47,24,1,0
2019-12-01,0.020823519571026693,0.5283910731095756,0.7337919377162764,0.17472875226039783,0.008897547086755766,0.5740953079851397,0.247999820937662,0.3449408198906758,0.4220920896859066,2019,4,12,48,1,1,0
2019-12-08,0.009223102220148187,0.8340024813788133,0.561623654188692,0.3996383363471971,0.0,0.8410769160207314,0.1870580594693285,0.2418835523463364,0.27502316624347,2019,4,12,49,8,1,0
2019-12-15,0.01331736716751707,0.28805359257668617,0.6657853298220093,0.29611211573236884,0.006762135785934383,0.36150988396092304,0.23994224912845974,0.2898352843927405,0.3283017723596195,2019,4,12,50,15,1,0
2019-12-22,0.012956367462480243,0.7437439538081787,0.4566683174683346,0.27757685352622063,0.0011863396115674358,0.7626014768609823,0.1716058806200356,0.28721458411841694,0.3792267051132081,2019,4,12,51,22,1,0
2019-12-29,0.006836982218563309,0.5666951895087994,0.6682949659077401,0.3331826401446655,0.014117441377652484,0.6091822226299134,0.24534796186121569,0.2418835523463364,0.284223889388026,2019,4,12,52,29,1,0
2020-01-05,0.038041444527112396,0.8271786896411104,0.5420503047316064,0.5544755877034359,0.0,0.83827913589873,0.1695659890227692,0.16212926832233202,0.1895063674037603,2020,1,1,1,5,1,0
2020-01-12,0.05590652749100802,0.8371502969412228,0.7045460702623458,0.6344936708860759,0.0,0.846305554281521,0.15661267738012755,0.11878146919028004,0.14792480466518593,2020,1,1,2,12,1,0
2020-01-19,0.07302319643226633,0.5721812274148976,0.6181276123557251,0.6313291139240506,0.0,0.6137228821721784,0.12907414081703117,0.13230994898476028,0.16917918836346246,2020,1,1,3,19,1,0
2020-01-26,0.07052261310957221,0.8551684908271406,0.3195334664905825,0.6812839059674503,0.0,0.8631381002614319,0.05808591323216056,0.15030070221930478,0.21703721340219906,2020,1,1,4,26,1,0
2020-02-02,0.09674351851444218,0.4842435698885547,0.8243381580801493,0.3831374321880651,0.00023726792231348713,0.5367151309452829,0.18889396190686833,0.26256583559234814,0.2840812425175678,2020,1,2,5,2,1,0
2020-02-09,0.09290459482185545,0.8037097047072447,0.7300048334425022,0.3462929475587703,0.0,0.8170893913681605,0.16625116517721122,0.2651157061295277,0.3234517787640396,2020,1,2,6,9,1,0
2020-02-16,0.09251718050425495,0.849399935796492,0.8148250971053578,0.4177215189873417,0.0,0.8552951428702473,0.18185633589629924,0.24719578263212713,0.2671775883682674,2020,1,2,7,16,1,0
2020-02-23,0.05157453103056611,1.0,0.6832748659227119,0.3309222423146474,0.00047453584462697426,0.9886254185203873,0.22953880198240112,0.27977746171830986,0.2926400547450617,2020,1,2,8,23,1,0
2020-03-01,0.12585242155960677,0.1720372033299062,0.8809363408511234,0.2389240506329114,0.07355305591718102,0.25780855845525874,0.39222015686439615,0.34062020592489933,0.31631943524112804,2020,1,3,9,1,1,0
2020-03-08,0.15726820076866524,0.09782304558882843,0.8702128561180155,0.1360759493670886,0.09111088216837906,0.19460624684676422,0.40374554438895127,0.3963632090571298,0.42487370365984223,2020,1,3,10,8,1,0
2020-03-15,0.15337644785095114,0.3383617043428467,0.8062415980886743,0.1360759493670886,0.16407076827977635,0.4057698481860298,0.5312897665080327,0.4230660199603711,0.42523032083598766,2020,1,3,11,15,1,0
2020-03-22,0.08954113415541477,0.7276122802222827,0.6644824934713666,0.22332730560578662,0.026692641260267304,0.7493005549695001,0.29068455261046144,0.30612612393583183,0.3570451167569531,2020,1,3,12,22,1,0
2020-03-29,0.07510114595394173,0.8020899760104457,0.5078594575823986,0.2590415913200723,0.048639924074264866,0.8141081502545529,0.31781511085410447,0.2867187759584097,0.32716059739595366,2020,1,3,13,29,1,0
2020-04-05,0.08054255614205778,0.8510890736908769,0.6239677257884401,0.3071880650994575,0.06501141071389548,0.856074852084576,0.34703655798494565,0.29521834441567496,0.29470843436670596,2020,2,4,14,5,1,0
2020-04-12,0.10008936943917375,0.8259797542046784,0.5166966382250764,0.10578661844484627,0.04104735056023328,0.8347475118103015,0.33020745230749776,0.4087584130573081,0.4634596821187936,2020,2,4,15,12,1,0
2020-04-19,0.1458570881411597,0.8964881115058758,0.6959698192921194,0.0655515370705244,0.20321997546150172,0.899600972343256,0.5322077177268026,0.5033869418815262,0.5140279976962369,2020,2,4,16,19,1,0
2020-04-26,0.1385666550735867,0.6531269928031332,0.6947757036383313,0.13765822784810125,0.13310730441786628,0.6833921937348074,0.4745297828140952,0.4450940682121164,0.42337591152003073,2020,2,4,17,26,1,0
2020-05-03,0.26385996733392914,0.31272476650312125,0.9119199274431158,0.03729656419529837,0.38935666051643236,0.38091088382332733,0.7060574791038311,0.5963155570142915,0.551258830885835,2020,2,5,18,3,1,0
2020-05-10,0.3180627523145804,0.40879685663096416,0.8565937768253424,0.015370705244122965,0.4223369017180071,0.4684676420676057,0.7161549425102999,0.6361218692891498,0.6028969979917149,2020,2,5,19,10,1,0
2020-05-17,0.20525474692599946,0.5409790818030773,0.7301099301161285,0.14263110307414104,0.26728231448614326,0.5823969178553411,0.6379250997551336,0.4719385385896454,0.4173134195255559,2020,2,5,20,17,1,0
2020-05-24,0.3878853781912154,0.24073766793772247,0.9662838998937245,0.028933092224231464,0.5705107192027798,0.3202770260973262,0.8445151212682879,0.7144595585702765,0.5993308262302592,2020,2,5,21,24,1,0
2020-05-31,0.390931863506892,0.34182511485053124,0.8484451605960781,0.015596745027124772,0.4484363731724907,0.41081502545521276,0.739970676908385,0.6766364789354469,0.5981183278313642,2020,2,5,22,31,1,0
2020-06-07,0.44460635623626993,0.32660064116746257,0.8487513905588857,0.01175406871609403,0.5308869761764274,0.3938448837315969,0.7867351917757173,0.7245882109818508,0.6658042678637949,2020,2,6,23,7,1,0
2020-06-14,0.3746604621676712,0.25147114963321593,0.9186587986364968,0.004972875226039783,0.39647469818583697,0.328670366463331,0.6857605577110306,0.6529793467293923,0.6250072629127408,2020,2,6,24,14,1,0
2020-06-21,0.4490264014052574,0.2913814382453351,0.9157795121814597,0.0,0.6205742508109257,0.36412420309131804,0.8544085955150297,0.7693526048567804,0.6928358498156297,2020,2,6,25,21,1,0
2020-06-28,0.5424813006555226,0.23752478125257576,0.8896648007969463,0.0,0.6985167632909063,0.3161491537861762,0.8942884762415877,0.8316119438062474,0.767582809935743,2020,2,6,26,28,1,0
2020-07-05,0.6853843546249785,0.2829455094418195,0.8748516058504853,0.0,0.7772897134989838,0.3570150896665598,0.9288136415253216,0.8993960022529367,0.8340562515692789,2020,3,7,27,5,1,0
2020-07-12,0.7071676051191519,0.3738379381997854,0.8260505090556117,0.0,0.7224808234445684,0.43718754299867,0.8877098258404036,0.8797053353269391,0.8282077298804913,2020,3,7,28,12,1,0
2020-07-19,0.7738733067132738,0.4499988070294162,0.8414834119741451,0.0,0.7400386496957665,0.5058019538595607,0.8918916036147998,0.8970586209271887,0.855881222749388,2020,3,7,29,19,1,0
2020-07-26,0.8825958520253404,0.5115338565051598,0.8502372400825675,0.0,0.8173879923699632,0.5559785350639824,0.931006524992383,0.9278695565847749,0.8991745479334614,2020,3,7,30,26,1,0
2020-08-02,1.0,0.6293478590940477,0.5824300184619364,0.00012802024323328959,0.8729992226353598,0.6521326133294068,0.9236452937530256,0.973129110292598,0.975688109570554,2020,3,8,31,2,1,0
2020-08-09,0.8729281038270371,0.5956358542640732,0.0007643537687571691,0.007778509978854676,1.0,0.5999973446435429,1.0,1.0,1.0,2020,3,8,32,9,1,0
2020-08-16,0.773133697561491,0.6179829753195605,0.0006948670625065164,0.019822654462242562,0.919229004130335,0.6278177556444433,0.940768269854972,0.9466297120212004,0.9514783895540447,2020,3,8,33,16,1,0
2020-08-23,0.6590930102532722,0.6403300963750482,0.0006253803562558636,0.03186679894563045,0.8384580082606701,0.6556381666453437,0.8815365397099442,0.8932594240424007,0.9029567791080895,2020,3,8,34,23,1,0
2020-08-30,0.7798958383777906,0.6626772174305355,0.0005558936500052109,0.04391094342901833,0.7576870123910051,0.683458577646244,0.8223048095649164,0.8398891360636007,0.8544351686621342,2020,3,8,35,30,1,0
2020-09-06,0.5404385706172655,0.6850243384860233,0.0004864069437545636,0.05595508791240622,0.6769160165213401,0.7112789886471443,0.7630730794198882,0.7865188480848013,0.805913558216179,2020,3,9,36,6,1,0
2020-09-13,0.565814208420098,0.7073714595415106,0.00041692023750390547,0.06799923239579411,0.5961450206516751,0.7390993996480446,0.7038413492748604,0.7331485601060015,0.7573919477702239,2020,3,9,37,13,1,0
2020-09-20,0.574196445473636,0.7297185805969983,0.0003474335312532582,0.08004337687918199,0.51537402478201,0.7669198106489454,0.6446096191298324,0.6797782721272019,0.7088703373242686,2020,3,9,38,20,1,0
2020-09-27,0.5452284203621444,0.7520657016524861,0.00027794682500260545,0.09208752136256988,0.4346030289123451,0.7947402216498454,0.5853778889848046,0.6264079841484022,0.6603487268783134,2020,3,9,39,27,1,0
2020-10-04,0.34266356148221194,0.7744128227079734,0.00020846011875195816,0.10413166584595777,0.3538320330426801,0.8225606326507461,0.5261461588397768,0.5730376961696025,0.6118271164323581,2020,4,10,40,4,1,0
2020-10-11,0.25716826548446603,0.7967599437634612,0.00013897341250130002,0.11617581032934564,0.27306103717301516,0.8503810436516465,0.4669144286947489,0.5196674081908028,0.5633055059864028,2020,4,10,41,11,1,0
2020-10-18,0.17230692018824814,0.8191070648189485,6.948670625065272e-05,0.12821995481273354,0.19229004130335012,0.8782014546525468,0.407682698549721,0.46629712021200304,0.5147838955404476,2020,4,10,42,18,1,0
2020-10-25,0.1748427229943605,0.8414541858744362,0.0,0.1402640992961214,0.11151904543368511,0.9060218656534471,0.34845096840469303,0.41292683223320337,0.46626228509449225,2020,4,10,43,25,1,0
2020-11-01,0.13590758407551057,0.8740836288411061,0.11998602229997392,0.1521904651557347,0.03153790198961635,0.933570223315478,0.28979846011057325,0.3600784475807268,0.41821516318606133,2020,4,11,44,1,1,0
2020-11-08,0.1448357231220311,0.8775084917815169,0.5545260046956902,0.12726039783001808,0.02087957716358687,0.878915745539605,0.2840549049193456,0.41045832674876115,0.45326043088103024,2020,4,11,45,8,1,0
2020-11-15,0.152425521798659,0.9766231991566777,0.6540380585268526,0.11166365280289331,0.0035590188347023066,0.9697748016328027,0.2618710837990736,0.39522993326282785,0.45618469172542386,2020,4,11,46,15,1,0
2020-11-22,0.16771077760216951,0.8428770980014482,0.6026149809261651,0.11754068716094032,0.02064230924127338,0.8514883272944092,0.28543183174750036,0.4203036602117598,0.4660273257870419,2020,4,11,47,22,1,0
2020-11-29,0.07973250802343856,0.9803089360003812,0.44396974007569856,0.3707052441229656,0.0,0.975095170389396,0.16915801070331585,0.24691246368355155,0.3069047417908849,2020,4,11,48,29,1,0
2020-12-06,0.07647470580725257,0.6023688057713744,0.615674148630036,0.4975135623869801,0.005219894290896717,0.6381231940558643,0.1514109538070983,0.1913111200256089,0.262684211948833,2020,4,12,49,6,1,0
2020-12-13,0.08633616116435612,0.5101868842645011,0.46574649565570714,0.24412296564195296,0.010558422542950177,0.559556024400312,0.20786495376144565,0.3372203785419934,0.41660018517326475,2020,4,12,50,13,1,0
2020-12-20,0.08057777562547601,0.8472569268210149,0.548189400080672,0.3245931283905967,0.0056944301355236916,0.8554786038618541,0.22280715971142212,0.25987430558088087,0.30897312141252914,2020,4,12,51,20,1,0
2020-12-27,0.04206527050764483,0.7859398656064405,0.7113664819783677,0.524638336347197,0.0,0.8007613631151678,0.1996033927925168,0.14838829931642014,0.188650486181011,2020,4,12,52,27,1,0
2021-01-03,0.038719419582913264,0.08060739555000261,0.6892690003426376,0.7870705244122965,0.0,0.17676466541301675,0.06038079127908534,0.06615497449238014,0.14692627657197832,2021,1,1,53,3,1,0
2021-01-10,0.04166024644833522,0.8602982643362527,0.3501238465622836,1.0,0.0,0.8666238591019587,0.0,0.06509252843522197,0.09001017525914398,2021,1,1,1,10,1,0
2021-01-17,0.0530009201090043,0.7454667117826449,0.7713966147467238,0.9627034358047016,0.0,0.7634729165711142,0.08312558258860558,0.0,0.0,2021,1,1,2,17,1,0
2021-01-24,0.0644824717033463,0.8389120975893315,0.5870661092643201,0.5940325497287523,0.0,0.8448378663486678,0.11102110018122363,0.1699205394081584,0.22245779447961186,2021,1,1,3,24,1,0
2021-01-31,0.0857902591713736,0.6924266973802364,0.6645078616339659,0.24773960216998192,0.0,0.718203916892171,0.20327519766759633,0.3391327814448781,0.38222228939283104,2021,1,1,4,31,1,0
2021-02-07,0.08571982020453715,0.6327461749025016,0.578712735722646,0.4111663652802893,0.0,0.6635325413933865,0.14401634676700764,0.25066643975217695,0.31246796973875574,2021,1,2,5,7,1,0
2021-02-14,0.08881913474534112,0.650704177999887,0.6576204054882169,0.3686708860759494,0.0,0.6814199880750356,0.15192092670641483,0.27205702036962753,0.3215260460128535,2021,1,2,6,14,1,0
2021-02-21,0.05433926047889692,0.9330428992221828,0.7327572790845418,0.7470614828209765,0.0,0.9292757877356332,0.07787286172564463,0.14003039033344283,0.1431461345048352,2021,1,2,7,21,1,0
2021-02-28,0.0669830550260404,0.7554578404195785,0.6782700898441645,0.5470162748643761,0.0,0.7830115121772238,0.10230056360290972,0.20243138875719738,0.2462084984109074,2021,1,2,8,28,1,0
2021-03-07,0.07462568292779566,0.9742285818399508,0.4917053740413954,0.2662748643761301,0.2878059897662599,0.96583039031326,0.11856869909110912,0.25888268926086655,0.25241363727584043,2021,1,3,9,7,1,0
2021-03-14,0.08048972691693045,0.7626677208188545,0.8788833316921827,0.3182640144665461,0.04792812030732441,0.7783332568912538,0.3216909048889105,0.30322210471293304,0.25968862766921025,2021,1,3,10,14,1,0
2021-03-21,0.08188089651195041,0.5647853520564641,0.8899891508758965,0.5237341772151899,0.0,0.6052378113103707,0.13697872075643844,0.22445943700894297,0.23180116449462604,2021,1,3,11,21,1,0
2021-03-28,0.0997547843467006,0.6320602168169804,0.8685476174445232,0.42359855334538876,0.0,0.6655964775489616,0.20347918682732302,0.2966349391585525,0.24841952490300995,2021,1,3,12,28,1,0
2021-04-04,0.11044389756413248,0.5921152236060677,0.8442376696277989,0.13223327305605787,0.017795094173511532,0.6451864422327206,0.28752272063469847,0.41917038441745785,0.4297950206906511,2021,2,4,13,4,1,0
2021-04-11,0.10348804958903265,0.8242618765644175,0.6507329493424678,0.1333634719710669,0.011032958387577153,0.8242902352887219,0.22362311635032864,0.36682720866813345,0.4565413089015695,2021,2,4,14,11,1,0
2021-04-18,0.12569393388422476,0.9657308354698348,0.5875263602143387,0.17292043399638335,0.002728581106605102,0.9472549649130859,0.17395175595689183,0.3366537406448424,0.45454425271515436,2021,2,4,15,18,1,0
2021-04-25,0.1548908856379349,0.7369667963751044,0.7099060006172855,0.0897377938517179,0.018862799823922225,0.7420997110489388,0.28507485071797883,0.44240253820064923,0.4954839045366667,2021,2,4,16,25,1,0
2021-05-02,0.22823545985639257,0.6115522390973333,0.6130104915570944,0.13268535262206146,0.019811871513176177,0.6823831582809711,0.27543636292089513,0.41945370336603327,0.4425619155966629,2021,2,5,17,2,1,0
2021-05-09,0.34460063307021443,0.5836928512864558,0.8309936767392748,0.09312839059674502,0.0773493426741968,0.6223455487776915,0.3941070565918677,0.5317188367390767,0.4793648081748866,2021,2,5,18,9,1,0
2021-05-16,0.1949882675095863,0.16288332313885737,0.9453352336214265,0.058996383363471974,0.13476817987406067,0.25257992019446873,0.4504080646764202,0.58916175356276,0.5509735371449187,2021,2,5,19,16,1,0
2021-05-23,0.3697825637142467,0.7673447077655876,0.7642301088123807,0.021925858951175405,0.08565371995516885,0.7832867036646337,0.3890073275987016,0.5850536288084154,0.6210131505399104,2021,2,5,20,23,1,0
2021-05-30,0.3962323957613352,0.5866991371569126,0.735484356563982,0.04792043399638336,0.06821452766512755,0.6266110168325465,0.3772269536244884,0.5548801607851241,0.5461948669845679,2021,2,5,21,30,1,0
2021-06-06,0.4310292453785434,0.7365885704741945,0.6316841772477066,0.004520795660036166,0.0977543839931567,0.7491170939778933,0.41980969071742424,0.6312346174262223,0.6365616594198575,2021,2,6,22,6,1,0
2021-06-13,0.38260245567848133,0.410438275702009,0.8951171437442126,0.0,0.25707979382666335,0.4697518690088521,0.542968145902383,0.7731065809254059,0.6893410014894031,2021,2,6,23,13,1,0
2021-06-20,0.44192967549648465,0.44748597717305005,0.759495322464356,0.0,0.23133622425564995,0.49883043617850775,0.5002324169396517,0.7140345801474134,0.7257872768914814,2021,2,6,24,20,1,0
2021-06-27,0.5271079961434666,0.271823770047328,0.9137428111270475,0.0,0.19467833025821618,0.3444021464936019,0.4871771107171469,0.7294046331076345,0.6952608466134198,2021,2,6,25,27,1,0
2021-07-04,0.6722298775682708,0.2075497685637068,0.897557923388602,0.0,0.33300552896697916,0.3265605650598544,0.5899366499294417,0.8193583992803569,0.7522482713614831,2021,3,7,26,4,1,0
2021-07-11,0.6901389848864392,0.32625142614210634,0.8375984590732015,0.0,0.43977609400804835,0.31715818924001304,0.6437897880972743,0.8755263808354504,0.8324871359942384,2021,3,7,27,11,1,0
2021-07-18,0.7685199452337033,0.2957845842172158,0.8721009722200597,0.0,0.4059654150783765,0.3904508553868737,0.6123244602094404,0.8707099587096669,0.8308466969839685,2021,3,7,28,18,1,0
2021-07-25,0.8814864382976663,0.37630738730766017,0.845299508433747,0.0,0.4244723130188285,0.4875475851946982,0.6379760970450654,0.8695766829153649,0.8106621648141289,2021,3,7,29,25,1,0
2021-08-01,0.9780827623406485,0.46373504990955094,0.7300066454541164,0.0,0.4172356413882672,0.4999770673760493,0.5997791268862518,0.8653268986867323,0.8747106096498749,2021,3,8,30,1,1,0
2021-08-08,0.9125676324142515,0.3719378614158609,0.8706114986731496,0.0,0.3714429323817641,0.4341145713892587,0.5924355171360928,0.8420239151663972,0.8084511383220263,2021,3,8,31,8,1,0
2021-08-15,0.7761625731354586,0.7533555008958122,0.6823398679297611,0.0,0.47619672008316866,0.7740677888363992,0.6065107691572312,0.893021325909988,0.9426105199879931,2021,3,8,32,15,1,0
2021-08-22,0.6514327726098077,0.7680387997414508,0.6963322216149685,0.0,0.49363591237321,0.7862679447782415,0.6146193382563649,0.9055581893844541,0.9520965368734653,2021,3,8,33,22,1,0
2021-08-29,0.808053815370663,0.5504892263911121,0.7590386955375659,0.0,0.4814166143740654,0.5927165986332157,0.6380270943349969,0.9117203765159713,0.9008863103789602,2021,3,8,34,29,1,0
2021-09-05,0.14763567205378014,0.6199168607955162,0.8460098169865317,0.0,0.35501212876155513,0.6547493464202176,0.5839954656524035,0.8368887592234662,0.8101629007675252,2021,3,9,35,5,1,0
