date,Day_Degree_Cold,Year,Solar_Radiation,Average_OutdoorTemp,Average_Humidity,Electricity
2019-09-01 00:00:00,7.319993352395058,2019,11.8,26.74000584267902,62.94000308045578,42.75
2019-09-01 00:00:00,7.319993352395058,2019,374.1,26.74000584267902,62.94000308045578,55.25
2019-09-01 01:00:00,7.319993352395058,2019,11.8,26.74000584267902,62.94000308045578,32.0
2019-09-01 02:00:00,7.319993352395058,2019,11.8,26.74000584267902,62.94000308045578,38.0
2019-09-01 03:00:00,7.319993352395058,2019,11.9,26.74000584267902,62.94000308045578,34.75
2019-09-01 04:00:00,7.319993352395058,2019,11.9,26.74000584267902,62.94000308045578,26.75
2019-09-01 05:00:00,7.319993352395058,2019,12.0,26.74000584267902,62.94000308045578,29.25
2019-09-01 06:00:00,7.319993352395058,2019,11.8,26.74000584267902,62.94000308045578,29.25
2019-09-01 07:00:00,7.319993352395058,2019,12.0,26.74000584267902,62.94000308045578,41.5
2019-09-01 08:00:00,7.319993352395058,2019,11.9,26.74000584267902,62.94000308045578,34.5
2019-09-01 09:00:00,7.319993352395058,2019,17.0,26.74000584267902,62.94000308045578,52.5
2019-09-01 10:00:00,7.319993352395058,2019,56.6,26.74000584267902,62.94000308045578,53.5
2019-09-01 11:00:00,7.319993352395058,2019,163.5,26.74000584267902,62.94000308045578,51.0
2019-09-01 13:00:00,7.319993352395058,2019,602.6,26.74000584267902,62.94000308045578,57.5
2019-09-01 14:00:00,7.319993352395058,2019,809.3,26.74000584267902,62.94000308045578,63.0
2019-09-01 15:00:00,7.319993352395058,2019,960.0,26.74000584267902,62.94000308045578,66.5
2019-09-01 16:00:00,7.319993352395058,2019,1033.6,26.74000584267902,62.94000308045578,63.75
2019-09-01 17:00:00,7.319993352395058,2019,1015.7,26.74000584267902,62.94000308045578,65.25
2019-09-01 18:00:00,7.319993352395058,2019,909.3,26.74000584267902,62.94000308045578,63.0
2019-09-01 19:00:00,7.319993352395058,2019,725.7,26.74000584267902,62.94000308045578,63.25
2019-09-01 20:00:00,7.319993352395058,2019,489.8,26.74000584267902,62.94000308045578,59.75
2019-09-01 21:00:00,7.319993352395058,2019,205.6,26.74000584267902,62.94000308045578,56.0
2019-09-01 22:00:00,7.319993352395058,2019,23.9,26.74000584267902,62.94000308045578,55.0
2019-09-01 23:00:00,7.319993352395058,2019,11.9,26.74000584267902,62.94000308045578,51.25
2019-09-02 00:00:00,8.130007735939026,2019,11.9,27.009998698438643,60.76998798701477,41.25
2019-09-02 00:00:00,8.130007735939026,2019,382.6,27.009998698438643,60.76998798701477,94.5
2019-09-02 01:00:00,8.130007735939026,2019,11.7,27.009998698438643,60.76998798701477,27.0
2019-09-02 02:00:00,8.130007735939026,2019,11.8,27.009998698438643,60.76998798701477,33.0
2019-09-02 03:00:00,8.130007735939026,2019,11.7,27.009998698438643,60.76998798701477,41.25
2019-09-02 04:00:00,8.130007735939026,2019,11.6,27.009998698438643,60.76998798701477,24.25
2019-09-02 05:00:00,8.130007735939026,2019,11.8,27.009998698438643,60.76998798701477,29.5
2019-09-02 06:00:00,8.130007735939026,2019,11.6,27.009998698438643,60.76998798701477,35.0
2019-09-02 07:00:00,8.130007735939026,2019,11.6,27.009998698438643,60.76998798701477,48.0
2019-09-02 08:00:00,8.130007735939026,2019,11.7,27.009998698438643,60.76998798701477,63.0
2019-09-02 09:00:00,8.130007735939026,2019,12.8,27.009998698438643,60.76998798701477,62.75
2019-09-02 10:00:00,8.130007735939026,2019,49.1,27.009998698438643,60.76998798701477,84.5
2019-09-02 11:00:00,8.130007735939026,2019,164.8,27.009998698438643,60.76998798701477,31.0
2019-09-02 13:00:00,8.130007735939026,2019,612.5,27.009998698438643,60.76998798701477,103.75
2019-09-02 14:00:00,8.130007735939026,2019,823.0,27.009998698438643,60.76998798701477,112.75
2019-09-02 15:00:00,8.130007735939026,2019,996.6,27.009998698438643,60.76998798701477,97.75
2019-09-02 16:00:00,8.130007735939026,2019,1052.1,27.009998698438643,60.76998798701477,86.25
2019-09-02 17:00:00,8.130007735939026,2019,1007.3,27.009998698438643,60.76998798701477,89.25
2019-09-02 18:00:00,8.130007735939026,2019,876.0,27.009998698438643,60.76998798701477,82.75
2019-09-02 19:00:00,8.130007735939026,2019,671.6,27.009998698438643,60.76998798701477,70.25
2019-09-02 20:00:00,8.130007735939026,2019,423.3,27.009998698438643,60.76998798701477,63.25
2019-09-02 21:00:00,8.130007735939026,2019,157.2,27.009998698438643,60.76998798701477,59.25
2019-09-02 22:00:00,8.130007735939026,2019,15.0,27.009998698438643,60.76998798701477,49.5
2019-09-02 23:00:00,8.130007735939026,2019,11.9,27.009998698438643,60.76998798701477,40.25
2019-09-03 00:00:00,8.820007567476273,2019,11.8,27.249999634669305,59.89997458973694,37.25
2019-09-03 00:00:00,8.820007567476273,2019,376.8,27.249999634669305,59.89997458973694,90.0
2019-09-03 01:00:00,8.820007567476273,2019,11.9,27.249999634669305,59.89997458973694,30.0
2019-09-03 02:00:00,8.820007567476273,2019,11.7,27.249999634669305,59.89997458973694,42.75
2019-09-03 03:00:00,8.820007567476273,2019,11.9,27.249999634669305,59.89997458973694,33.25
2019-09-03 04:00:00,8.820007567476273,2019,11.9,27.249999634669305,59.89997458973694,28.5
2019-09-03 05:00:00,8.820007567476273,2019,11.9,27.249999634669305,59.89997458973694,28.75
2019-09-03 06:00:00,8.820007567476273,2019,11.7,27.249999634669305,59.89997458973694,35.0
2019-09-03 07:00:00,8.820007567476273,2019,11.8,27.249999634669305,59.89997458973694,52.25
2019-09-03 08:00:00,8.820007567476273,2019,12.0,27.249999634669305,59.89997458973694,74.0
2019-09-03 09:00:00,8.820007567476273,2019,16.0,27.249999634669305,59.89997458973694,74.25
2019-09-03 10:00:00,8.820007567476273,2019,53.8,27.249999634669305,59.89997458973694,81.25
2019-09-03 11:00:00,8.820007567476273,2019,162.4,27.249999634669305,59.89997458973694,38.5
2019-09-03 13:00:00,8.820007567476273,2019,624.2,27.249999634669305,59.89997458973694,91.5
2019-09-03 14:00:00,8.820007567476273,2019,861.9,27.249999634669305,59.89997458973694,90.75
2019-09-03 15:00:00,8.820007567476273,2019,996.6,27.249999634669305,59.89997458973694,79.25
2019-09-03 16:00:00,8.820007567476273,2019,1048.2,27.249999634669305,59.89997458973694,73.25
2019-09-03 17:00:00,8.820007567476273,2019,1002.4,27.249999634669305,59.89997458973694,75.75
2019-09-03 18:00:00,8.820007567476273,2019,867.8,27.249999634669305,59.89997458973694,75.75
2019-09-03 19:00:00,8.820007567476273,2019,660.7,27.249999634669305,59.89997458973694,70.5
2019-09-03 20:00:00,8.820007567476273,2019,357.3,27.249999634669305,59.89997458973694,67.75
2019-09-03 21:00:00,8.820007567476273,2019,136.2,27.249999634669305,59.89997458973694,61.75
2019-09-03 22:00:00,8.820007567476273,2019,15.0,27.249999634669305,59.89997458973694,57.0
2019-09-03 23:00:00,8.820007567476273,2019,11.9,27.249999634669305,59.89997458973694,54.25
2019-09-04 00:00:00,8.150002176273347,2019,11.9,27.42000485199928,62.03999736465073,43.75
2019-09-04 00:00:00,8.150002176273347,2019,332.1,27.42000485199928,62.03999736465073,89.0
2019-09-04 01:00:00,8.150002176273347,2019,11.8,27.42000485199928,62.03999736465073,33.5
2019-09-04 02:00:00,8.150002176273347,2019,11.8,27.42000485199928,62.03999736465073,46.0
2019-09-04 03:00:00,8.150002176273347,2019,11.8,27.42000485199928,62.03999736465073,42.5
2019-09-04 04:00:00,8.150002176273347,2019,11.9,27.42000485199928,62.03999736465073,30.0
2019-09-04 05:00:00,8.150002176273347,2019,11.7,27.42000485199928,62.03999736465073,36.75
2019-09-04 06:00:00,8.150002176273347,2019,11.8,27.42000485199928,62.03999736465073,50.25
2019-09-04 07:00:00,8.150002176273347,2019,11.8,27.42000485199928,62.03999736465073,64.75
2019-09-04 08:00:00,8.150002176273347,2019,11.9,27.42000485199928,62.03999736465073,65.75
2019-09-04 09:00:00,8.150002176273347,2019,13.9,27.42000485199928,62.03999736465073,65.75
2019-09-04 10:00:00,8.150002176273347,2019,48.8,27.42000485199928,62.03999736465073,73.5
2019-09-04 11:00:00,8.150002176273347,2019,126.2,27.42000485199928,62.03999736465073,49.75
2019-09-04 13:00:00,8.150002176273347,2019,616.7,27.42000485199928,62.03999736465073,106.25
2019-09-04 14:00:00,8.150002176273347,2019,604.3,27.42000485199928,62.03999736465073,107.5
2019-09-04 15:00:00,8.150002176273347,2019,449.1,27.42000485199928,62.03999736465073,87.75
2019-09-04 16:00:00,8.150002176273347,2019,909.7,27.42000485199928,62.03999736465073,80.75
2019-09-04 17:00:00,8.150002176273347,2019,419.0,27.42000485199928,62.03999736465073,74.75
2019-09-04 18:00:00,8.150002176273347,2019,479.2,27.42000485199928,62.03999736465073,66.25
2019-09-04 19:00:00,8.150002176273347,2019,197.1,27.42000485199928,62.03999736465073,57.5
2019-09-04 20:00:00,8.150002176273347,2019,101.2,27.42000485199928,62.03999736465073,54.5
2019-09-04 21:00:00,8.150002176273347,2019,42.4,27.42000485199928,62.03999736465073,57.25
2019-09-04 22:00:00,8.150002176273347,2019,19.3,27.42000485199928,62.03999736465073,52.25
2019-09-04 23:00:00,8.150002176273347,2019,11.9,27.42000485199928,62.03999736465073,48.5
2019-09-05 00:00:00,4.1599934295578,2019,11.9,26.670010123778344,68.88999494828033,48.5
2019-09-05 00:00:00,4.1599934295578,2019,423.5,26.670010123778344,68.88999494828033,100.75
2019-09-05 01:00:00,4.1599934295578,2019,12.0,26.670010123778344,68.88999494828033,34.75
2019-09-05 02:00:00,4.1599934295578,2019,11.9,26.670010123778344,68.88999494828033,42.5
2019-09-05 03:00:00,4.1599934295578,2019,12.0,26.670010123778344,68.88999494828033,42.75
2019-09-05 04:00:00,4.1599934295578,2019,12.0,26.670010123778344,68.88999494828033,37.0
2019-09-05 05:00:00,4.1599934295578,2019,11.7,26.670010123778344,68.88999494828033,32.25
2019-09-05 06:00:00,4.1599934295578,2019,11.8,26.670010123778344,68.88999494828033,45.75
2019-09-05 07:00:00,4.1599934295578,2019,12.0,26.670010123778344,68.88999494828033,57.0
2019-09-05 08:00:00,4.1599934295578,2019,12.0,26.670010123778344,68.88999494828033,82.25
2019-09-05 09:00:00,4.1599934295578,2019,22.1,26.670010123778344,68.88999494828033,78.75
2019-09-05 10:00:00,4.1599934295578,2019,90.4,26.670010123778344,68.88999494828033,84.5
2019-09-05 11:00:00,4.1599934295578,2019,145.1,26.670010123778344,68.88999494828033,38.5
2019-09-05 13:00:00,4.1599934295578,2019,649.4,26.670010123778344,68.88999494828033,104.5
2019-09-05 14:00:00,4.1599934295578,2019,685.7,26.670010123778344,68.88999494828033,100.0
2019-09-05 15:00:00,4.1599934295578,2019,938.0,26.670010123778344,68.88999494828033,96.0
2019-09-05 16:00:00,4.1599934295578,2019,1060.1,26.670010123778344,68.88999494828033,88.75
2019-09-05 17:00:00,4.1599934295578,2019,838.1,26.670010123778344,68.88999494828033,84.5
2019-09-05 18:00:00,4.1599934295578,2019,431.2,26.670010123778344,68.88999494828033,72.25
2019-09-05 19:00:00,4.1599934295578,2019,245.9,26.670010123778344,68.88999494828033,62.75
2019-09-05 20:00:00,4.1599934295578,2019,134.3,26.670010123778344,68.88999494828033,60.75
2019-09-05 21:00:00,4.1599934295578,2019,83.6,26.670010123778344,68.88999494828033,57.0
2019-09-05 22:00:00,4.1599934295578,2019,13.0,26.670010123778344,68.88999494828033,50.75
2019-09-05 23:00:00,4.1599934295578,2019,11.8,26.670010123778344,68.88999494828033,53.25
2019-09-06 00:00:00,5.129995275776863,2019,11.9,26.870007260637284,72.89001379185868,48.0
2019-09-06 00:00:00,5.129995275776863,2019,374.7,26.870007260637284,72.89001379185868,95.0
2019-09-06 01:00:00,5.129995275776863,2019,11.7,26.870007260637284,72.89001379185868,39.75
2019-09-06 02:00:00,5.129995275776863,2019,11.7,26.870007260637284,72.89001379185868,42.25
2019-09-06 03:00:00,5.129995275776863,2019,11.9,26.870007260637284,72.89001379185868,44.0
2019-09-06 04:00:00,5.129995275776863,2019,11.7,26.870007260637284,72.89001379185868,33.75
2019-09-06 05:00:00,5.129995275776863,2019,11.8,26.870007260637284,72.89001379185868,37.75
2019-09-06 06:00:00,5.129995275776863,2019,11.9,26.870007260637284,72.89001379185868,54.0
2019-09-06 07:00:00,5.129995275776863,2019,11.7,26.870007260637284,72.89001379185868,62.25
2019-09-06 08:00:00,5.129995275776863,2019,11.9,26.870007260637284,72.89001379185868,75.75
2019-09-06 09:00:00,5.129995275776863,2019,14.9,26.870007260637284,72.89001379185868,83.0
2019-09-06 10:00:00,5.129995275776863,2019,60.8,26.870007260637284,72.89001379185868,87.25
2019-09-06 11:00:00,5.129995275776863,2019,175.2,26.870007260637284,72.89001379185868,44.0
2019-09-06 13:00:00,5.129995275776863,2019,601.4,26.870007260637284,72.89001379185868,102.75
2019-09-06 14:00:00,5.129995275776863,2019,806.8,26.870007260637284,72.89001379185868,97.25
2019-09-06 15:00:00,5.129995275776863,2019,963.9,26.870007260637284,72.89001379185868,83.0
2019-09-06 16:00:00,5.129995275776863,2019,1041.7,26.870007260637284,72.89001379185868,69.25
2019-09-06 17:00:00,5.129995275776863,2019,1023.5,26.870007260637284,72.89001379185868,73.0
2019-09-06 18:00:00,5.129995275776863,2019,910.3,26.870007260637284,72.89001379185868,73.75
2019-09-06 19:00:00,5.129995275776863,2019,716.0,26.870007260637284,72.89001379185868,69.75
2019-09-06 20:00:00,5.129995275776863,2019,458.3,26.870007260637284,72.89001379185868,65.0
2019-09-06 21:00:00,5.129995275776863,2019,180.0,26.870007260637284,72.89001379185868,61.0
2019-09-06 22:00:00,5.129995275776863,2019,20.0,26.870007260637284,72.89001379185868,56.5
2019-09-06 23:00:00,5.129995275776863,2019,12.0,26.870007260637284,72.89001379185868,55.75
2019-09-07 00:00:00,9.199997753829956,2019,12.0,27.579998189486503,68.20997226167297,55.5
2019-09-07 00:00:00,9.199997753829956,2019,282.6,27.579998189486503,68.20997226167297,62.25
2019-09-07 01:00:00,9.199997753829956,2019,11.9,27.579998189486503,68.20997226167297,30.25
2019-09-07 02:00:00,9.199997753829956,2019,11.8,27.579998189486503,68.20997226167297,44.75
2019-09-07 03:00:00,9.199997753829956,2019,12.0,27.579998189486503,68.20997226167297,44.0
2019-09-07 04:00:00,9.199997753829956,2019,11.9,27.579998189486503,68.20997226167297,31.75
2019-09-07 05:00:00,9.199997753829956,2019,11.6,27.579998189486503,68.20997226167297,31.5
2019-09-07 06:00:00,9.199997753829956,2019,11.9,27.579998189486503,68.20997226167297,36.0
2019-09-07 07:00:00,9.199997753829956,2019,11.9,27.579998189486503,68.20997226167297,43.75
2019-09-07 08:00:00,9.199997753829956,2019,11.6,27.579998189486503,68.20997226167297,51.5
2019-09-07 09:00:00,9.199997753829956,2019,11.9,27.579998189486503,68.20997226167297,57.75
2019-09-07 10:00:00,9.199997753829956,2019,31.0,27.579998189486503,68.20997226167297,60.0
2019-09-07 11:00:00,9.199997753829956,2019,113.7,27.579998189486503,68.20997226167297,44.25
2019-09-07 13:00:00,9.199997753829956,2019,476.7,27.579998189486503,68.20997226167297,60.75
2019-09-07 14:00:00,9.199997753829956,2019,434.5,27.579998189486503,68.20997226167297,63.0
2019-09-07 15:00:00,9.199997753829956,2019,546.8,27.579998189486503,68.20997226167297,61.75
2019-09-07 16:00:00,9.199997753829956,2019,535.7,27.579998189486503,68.20997226167297,62.0
2019-09-07 17:00:00,9.199997753829956,2019,626.5,27.579998189486503,68.20997226167297,59.25
2019-09-07 18:00:00,9.199997753829956,2019,466.4,27.579998189486503,68.20997226167297,59.5
2019-09-07 19:00:00,9.199997753829956,2019,441.3,27.579998189486503,68.20997226167297,58.25
2019-09-07 20:00:00,9.199997753829956,2019,310.0,27.579998189486503,68.20997226167297,55.75
2019-09-07 21:00:00,9.199997753829956,2019,200.0,27.579998189486503,68.20997226167297,44.5
2019-09-07 22:00:00,9.199997753829956,2019,17.0,27.579998189486503,68.20997226167297,50.75
2019-09-07 23:00:00,9.199997753829956,2019,11.7,27.579998189486503,68.20997226167297,50.5
2019-09-08 00:00:00,4.619993317249298,2019,11.6,26.690012023464202,69.09002245845795,39.5
2019-09-08 00:00:00,4.619993317249298,2019,173.3,26.690012023464202,69.09002245845795,52.0
2019-09-08 01:00:00,4.619993317249298,2019,11.7,26.690012023464202,69.09002245845795,38.0
2019-09-08 02:00:00,4.619993317249298,2019,11.6,26.690012023464202,69.09002245845795,43.75
2019-09-08 03:00:00,4.619993317249298,2019,11.6,26.690012023464202,69.09002245845795,32.0
2019-09-08 04:00:00,4.619993317249298,2019,12.0,26.690012023464202,69.09002245845795,39.5
2019-09-08 05:00:00,4.619993317249298,2019,11.7,26.690012023464202,69.09002245845795,33.0
2019-09-08 06:00:00,4.619993317249298,2019,11.6,26.690012023464202,69.09002245845795,36.25
2019-09-08 07:00:00,4.619993317249298,2019,11.7,26.690012023464202,69.09002245845795,46.5
2019-09-08 08:00:00,4.619993317249298,2019,11.8,26.690012023464202,69.09002245845795,46.5
2019-09-08 09:00:00,4.619993317249298,2019,11.8,26.690012023464202,69.09002245845795,49.0
2019-09-08 10:00:00,4.619993317249298,2019,23.1,26.690012023464202,69.09002245845795,53.0
2019-09-08 11:00:00,4.619993317249298,2019,71.0,26.690012023464202,69.09002245845795,39.5
2019-09-08 13:00:00,4.619993317249298,2019,229.4,26.690012023464202,69.09002245845795,54.75
2019-09-08 14:00:00,4.619993317249298,2019,264.6,26.690012023464202,69.09002245845795,57.75
2019-09-08 15:00:00,4.619993317249298,2019,389.5,26.690012023464202,69.09002245845795,58.25
2019-09-08 16:00:00,4.619993317249298,2019,738.0,26.690012023464202,69.09002245845795,60.75
2019-09-08 17:00:00,4.619993317249298,2019,765.5,26.690012023464202,69.09002245845795,59.75
2019-09-08 18:00:00,4.619993317249298,2019,803.8,26.690012023464202,69.09002245845795,55.25
2019-09-08 19:00:00,4.619993317249298,2019,624.2,26.690012023464202,69.09002245845795,54.5
2019-09-08 20:00:00,4.619993317249298,2019,314.2,26.690012023464202,69.09002245845795,54.0
2019-09-08 21:00:00,4.619993317249298,2019,124.5,26.690012023464202,69.09002245845795,45.0
2019-09-08 22:00:00,4.619993317249298,2019,25.0,26.690012023464202,69.09002245845795,53.75
2019-09-08 23:00:00,4.619993317249298,2019,11.9,26.690012023464202,69.09002245845795,44.75
2019-09-09 00:00:00,6.919992755706787,2019,11.9,27.00000867859554,64.48998012434387,33.0
2019-09-09 00:00:00,6.919992755706787,2019,273.6,27.00000867859554,64.48998012434387,82.75
2019-09-09 01:00:00,6.919992755706787,2019,11.9,27.00000867859554,64.48998012434387,32.5
2019-09-09 02:00:00,6.919992755706787,2019,11.9,27.00000867859554,64.48998012434387,38.25
2019-09-09 03:00:00,6.919992755706787,2019,11.8,27.00000867859554,64.48998012434387,24.0
2019-09-09 04:00:00,6.919992755706787,2019,11.9,27.00000867859554,64.48998012434387,28.0
2019-09-09 05:00:00,6.919992755706787,2019,11.8,27.00000867859554,64.48998012434387,26.5
2019-09-09 06:00:00,6.919992755706787,2019,11.8,27.00000867859554,64.48998012434387,30.25
2019-09-09 07:00:00,6.919992755706787,2019,11.9,27.00000867859554,64.48998012434387,39.25
2019-09-09 08:00:00,6.919992755706787,2019,11.8,27.00000867859554,64.48998012434387,51.25
2019-09-09 09:00:00,6.919992755706787,2019,11.9,27.00000867859554,64.48998012434387,67.75
2019-09-09 10:00:00,6.919992755706787,2019,33.6,27.00000867859554,64.48998012434387,70.5
2019-09-09 11:00:00,6.919992755706787,2019,98.3,27.00000867859554,64.48998012434387,38.25
2019-09-09 13:00:00,6.919992755706787,2019,501.7,27.00000867859554,64.48998012434387,88.25
2019-09-09 14:00:00,6.919992755706787,2019,722.5,27.00000867859554,64.48998012434387,98.5
2019-09-09 15:00:00,6.919992755706787,2019,899.1,27.00000867859554,64.48998012434387,85.5
2019-09-09 16:00:00,6.919992755706787,2019,1010.6,27.00000867859554,64.48998012434387,78.75
2019-09-09 17:00:00,6.919992755706787,2019,883.5,27.00000867859554,64.48998012434387,68.75
2019-09-09 18:00:00,6.919992755706787,2019,842.4,27.00000867859554,64.48998012434387,65.75
2019-09-09 19:00:00,6.919992755706787,2019,412.8,27.00000867859554,64.48998012434387,62.5
2019-09-09 20:00:00,6.919992755706787,2019,551.6,27.00000867859554,64.48998012434387,57.5
2019-09-09 21:00:00,6.919992755706787,2019,294.2,27.00000867859554,64.48998012434387,54.75
2019-09-09 22:00:00,6.919992755706787,2019,95.6,27.00000867859554,64.48998012434387,42.25
2019-09-09 23:00:00,6.919992755706787,2019,16.1,27.00000867859554,64.48998012434387,49.0
2019-09-10 00:00:00,6.600001860356331,2019,11.6,26.020003033987045,65.11001817389679,30.25
2019-09-10 00:00:00,6.600001860356331,2019,241.4,26.020003033987045,65.11001817389679,63.0
2019-09-10 01:00:00,6.600001860356331,2019,11.7,26.020003033987045,65.11001817389679,31.25
2019-09-10 02:00:00,6.600001860356331,2019,11.6,26.020003033987045,65.11001817389679,41.75
2019-09-10 03:00:00,6.600001860356331,2019,11.7,26.020003033987045,65.11001817389679,31.25
2019-09-10 04:00:00,6.600001860356331,2019,11.8,26.020003033987045,65.11001817389679,30.75
2019-09-10 05:00:00,6.600001860356331,2019,11.6,26.020003033987045,65.11001817389679,31.25
2019-09-10 06:00:00,6.600001860356331,2019,11.6,26.020003033987045,65.11001817389679,37.5
2019-09-10 07:00:00,6.600001860356331,2019,11.7,26.020003033987045,65.11001817389679,40.25
2019-09-10 08:00:00,6.600001860356331,2019,11.7,26.020003033987045,65.11001817389679,47.0
2019-09-10 09:00:00,6.600001860356331,2019,11.7,26.020003033987045,65.11001817389679,59.25
2019-09-10 10:00:00,6.600001860356331,2019,14.8,26.020003033987045,65.11001817389679,59.5
2019-09-10 11:00:00,6.600001860356331,2019,47.4,26.020003033987045,65.11001817389679,39.5
2019-09-10 13:00:00,6.600001860356331,2019,409.0,26.020003033987045,65.11001817389679,66.25
2019-09-10 14:00:00,6.600001860356331,2019,676.2,26.020003033987045,65.11001817389679,64.75
2019-09-10 15:00:00,6.600001860356331,2019,824.8,26.020003033987045,65.11001817389679,62.5
2019-09-10 16:00:00,6.600001860356331,2019,1004.8,26.020003033987045,65.11001817389679,60.75
2019-09-10 17:00:00,6.600001860356331,2019,1086.5,26.020003033987045,65.11001817389679,62.25
2019-09-10 18:00:00,6.600001860356331,2019,1050.2,26.020003033987045,65.11001817389679,58.25
2019-09-10 19:00:00,6.600001860356331,2019,944.7,26.020003033987045,65.11001817389679,59.0
2019-09-10 20:00:00,6.600001860356331,2019,595.8,26.020003033987045,65.11001817389679,56.0
2019-09-10 21:00:00,6.600001860356331,2019,480.1,26.020003033987045,65.11001817389679,45.25
2019-09-10 22:00:00,6.600001860356331,2019,264.4,26.020003033987045,65.11001817389679,36.25
2019-09-10 23:00:00,6.600001860356331,2019,65.1,26.020003033987045,65.11001817389679,36.0
2019-09-11 00:00:00,6.20999848383522,2019,12.0,25.970009214772226,43.089988535194394,31.0
2019-09-11 00:00:00,6.20999848383522,2019,97.4,25.970009214772226,43.089988535194394,54.5
2019-09-11 01:00:00,6.20999848383522,2019,12.0,25.970009214772226,43.089988535194394,28.75
2019-09-11 02:00:00,6.20999848383522,2019,12.0,25.970009214772226,43.089988535194394,30.75
2019-09-11 03:00:00,6.20999848383522,2019,11.9,25.970009214772226,43.089988535194394,23.5
2019-09-11 04:00:00,6.20999848383522,2019,11.8,25.970009214772226,43.089988535194394,24.25
2019-09-11 05:00:00,6.20999848383522,2019,11.9,25.970009214772226,43.089988535194394,22.25
2019-09-11 06:00:00,6.20999848383522,2019,11.9,25.970009214772226,43.089988535194394,28.75
2019-09-11 07:00:00,6.20999848383522,2019,11.8,25.970009214772226,43.089988535194394,29.25
2019-09-11 08:00:00,6.20999848383522,2019,11.6,25.970009214772226,43.089988535194394,35.25
2019-09-11 09:00:00,6.20999848383522,2019,11.7,25.970009214772226,43.089988535194394,49.25
2019-09-11 10:00:00,6.20999848383522,2019,11.9,25.970009214772226,43.089988535194394,58.0
2019-09-11 11:00:00,6.20999848383522,2019,35.3,25.970009214772226,43.089988535194394,32.5
2019-09-11 13:00:00,6.20999848383522,2019,293.9,25.970009214772226,43.089988535194394,67.75
2019-09-11 14:00:00,6.20999848383522,2019,584.1,25.970009214772226,43.089988535194394,63.25
2019-09-11 15:00:00,6.20999848383522,2019,469.8,25.970009214772226,43.089988535194394,47.0
2019-09-11 16:00:00,6.20999848383522,2019,1017.3,25.970009214772226,43.089988535194394,48.0
2019-09-11 17:00:00,6.20999848383522,2019,854.5,25.970009214772226,43.089988535194394,46.25
2019-09-11 18:00:00,6.20999848383522,2019,156.9,25.970009214772226,43.089988535194394,42.0
2019-09-11 19:00:00,6.20999848383522,2019,142.1,25.970009214772226,43.089988535194394,38.0
2019-09-11 20:00:00,6.20999848383522,2019,655.1,25.970009214772226,43.089988535194394,43.0
2019-09-11 21:00:00,6.20999848383522,2019,359.8,25.970009214772226,43.089988535194394,35.5
2019-09-11 22:00:00,6.20999848383522,2019,275.7,25.970009214772226,43.089988535194394,31.0
2019-09-11 23:00:00,6.20999848383522,2019,54.9,25.970009214772226,43.089988535194394,28.25
2019-09-12 00:00:00,3.310006135345459,2019,11.8,24.20000504257107,44.930029084838864,26.5
2019-09-12 00:00:00,3.310006135345459,2019,109.6,24.20000504257107,44.930029084838864,45.0
2019-09-12 01:00:00,3.310006135345459,2019,11.6,24.20000504257107,44.930029084838864,22.25
2019-09-12 02:00:00,3.310006135345459,2019,11.8,24.20000504257107,44.930029084838864,22.5
2019-09-12 03:00:00,3.310006135345459,2019,11.7,24.20000504257107,44.930029084838864,17.0
2019-09-12 04:00:00,3.310006135345459,2019,11.6,24.20000504257107,44.930029084838864,21.25
2019-09-12 05:00:00,3.310006135345459,2019,11.6,24.20000504257107,44.930029084838864,24.25
2019-09-12 06:00:00,3.310006135345459,2019,11.6,24.20000504257107,44.930029084838864,17.75
2019-09-12 07:00:00,3.310006135345459,2019,11.6,24.20000504257107,44.930029084838864,33.75
2019-09-12 08:00:00,3.310006135345459,2019,11.7,24.20000504257107,44.930029084838864,30.0
2019-09-12 09:00:00,3.310006135345459,2019,11.7,24.20000504257107,44.930029084838864,34.25
2019-09-12 10:00:00,3.310006135345459,2019,11.7,24.20000504257107,44.930029084838864,49.25
2019-09-12 11:00:00,3.310006135345459,2019,37.5,24.20000504257107,44.930029084838864,24.5
2019-09-12 13:00:00,3.310006135345459,2019,378.1,24.20000504257107,44.930029084838864,54.0
2019-09-12 14:00:00,3.310006135345459,2019,426.3,24.20000504257107,44.930029084838864,53.75
2019-09-12 15:00:00,3.310006135345459,2019,459.7,24.20000504257107,44.930029084838864,54.25
2019-09-12 16:00:00,3.310006135345459,2019,340.9,24.20000504257107,44.930029084838864,50.5
2019-09-12 17:00:00,3.310006135345459,2019,499.6,24.20000504257107,44.930029084838864,41.25
2019-09-12 18:00:00,3.310006135345459,2019,818.7,24.20000504257107,44.930029084838864,43.25
2019-09-12 19:00:00,3.310006135345459,2019,677.1,24.20000504257107,44.930029084838864,44.0
2019-09-12 20:00:00,3.310006135345459,2019,288.8,24.20000504257107,44.930029084838864,37.25
2019-09-12 21:00:00,3.310006135345459,2019,305.5,24.20000504257107,44.930029084838864,20.0
2019-09-12 22:00:00,3.310006135345459,2019,37.9,24.20000504257107,44.930029084838864,34.0
2019-09-12 23:00:00,3.310006135345459,2019,12.9,24.20000504257107,44.930029084838864,32.75
2019-09-13 00:00:00,4.690005798419953,2019,12.0,23.439998434507373,65.98003157117462,23.0
2019-09-13 00:00:00,4.690005798419953,2019,176.6,23.439998434507373,65.98003157117462,53.25
2019-09-13 01:00:00,4.690005798419953,2019,11.9,23.439998434507373,65.98003157117462,14.5
2019-09-13 02:00:00,4.690005798419953,2019,11.8,23.439998434507373,65.98003157117462,21.75
2019-09-13 03:00:00,4.690005798419953,2019,11.7,23.439998434507373,65.98003157117462,22.5
2019-09-13 04:00:00,4.690005798419953,2019,11.8,23.439998434507373,65.98003157117462,20.75
2019-09-13 05:00:00,4.690005798419953,2019,11.8,23.439998434507373,65.98003157117462,23.25
2019-09-13 06:00:00,4.690005798419953,2019,11.7,23.439998434507373,65.98003157117462,23.0
2019-09-13 07:00:00,4.690005798419953,2019,11.8,23.439998434507373,65.98003157117462,27.0
2019-09-13 08:00:00,4.690005798419953,2019,11.7,23.439998434507373,65.98003157117462,31.0
2019-09-13 09:00:00,4.690005798419953,2019,11.8,23.439998434507373,65.98003157117462,49.25
2019-09-13 10:00:00,4.690005798419953,2019,13.8,23.439998434507373,65.98003157117462,53.75
2019-09-13 11:00:00,4.690005798419953,2019,67.9,23.439998434507373,65.98003157117462,19.25
2019-09-13 13:00:00,4.690005798419953,2019,259.2,23.439998434507373,65.98003157117462,71.25
2019-09-13 14:00:00,4.690005798419953,2019,382.1,23.439998434507373,65.98003157117462,62.0
2019-09-13 15:00:00,4.690005798419953,2019,794.1,23.439998434507373,65.98003157117462,56.0
2019-09-13 16:00:00,4.690005798419953,2019,855.2,23.439998434507373,65.98003157117462,50.25
2019-09-13 17:00:00,4.690005798419953,2019,1120.2,23.439998434507373,65.98003157117462,50.0
2019-09-13 18:00:00,4.690005798419953,2019,706.5,23.439998434507373,65.98003157117462,49.75
2019-09-13 19:00:00,4.690005798419953,2019,672.9,23.439998434507373,65.98003157117462,41.75
2019-09-13 20:00:00,4.690005798419953,2019,614.1,23.439998434507373,65.98003157117462,46.25
2019-09-13 21:00:00,4.690005798419953,2019,310.1,23.439998434507373,65.98003157117462,41.5
2019-09-13 22:00:00,4.690005798419953,2019,73.0,23.439998434507373,65.98003157117462,44.25
2019-09-13 23:00:00,4.690005798419953,2019,13.0,23.439998434507373,65.98003157117462,46.75
2019-09-14 00:00:00,4.340007272567749,2019,11.7,24.44999599864483,65.56002103179932,37.0
2019-09-14 00:00:00,4.340007272567749,2019,110.9,24.44999599864483,65.56002103179932,50.75
2019-09-14 01:00:00,4.340007272567749,2019,11.6,24.44999599864483,65.56002103179932,32.0
2019-09-14 02:00:00,4.340007272567749,2019,11.8,24.44999599864483,65.56002103179932,41.0
2019-09-14 03:00:00,4.340007272567749,2019,11.7,24.44999599864483,65.56002103179932,29.25
2019-09-14 04:00:00,4.340007272567749,2019,11.6,24.44999599864483,65.56002103179932,13.75
2019-09-14 05:00:00,4.340007272567749,2019,11.6,24.44999599864483,65.56002103179932,14.5
2019-09-14 06:00:00,4.340007272567749,2019,11.6,24.44999599864483,65.56002103179932,20.75
2019-09-14 07:00:00,4.340007272567749,2019,11.6,24.44999599864483,65.56002103179932,21.75
2019-09-14 08:00:00,4.340007272567749,2019,11.6,24.44999599864483,65.56002103179932,25.0
2019-09-14 09:00:00,4.340007272567749,2019,11.6,24.44999599864483,65.56002103179932,27.75
2019-09-14 10:00:00,4.340007272567749,2019,12.8,24.44999599864483,65.56002103179932,37.25
2019-09-14 11:00:00,4.340007272567749,2019,25.4,24.44999599864483,65.56002103179932,32.25
2019-09-14 13:00:00,4.340007272567749,2019,282.4,24.44999599864483,65.56002103179932,47.25
2019-09-14 14:00:00,4.340007272567749,2019,509.9,24.44999599864483,65.56002103179932,57.0
2019-09-14 15:00:00,4.340007272567749,2019,797.5,24.44999599864483,65.56002103179932,48.75
2019-09-14 16:00:00,4.340007272567749,2019,898.4,24.44999599864483,65.56002103179932,52.75
2019-09-14 17:00:00,4.340007272567749,2019,1028.2,24.44999599864483,65.56002103179932,50.5
2019-09-14 18:00:00,4.340007272567749,2019,987.0,24.44999599864483,65.56002103179932,49.5
2019-09-14 19:00:00,4.340007272567749,2019,551.5,24.44999599864483,65.56002103179932,45.5
2019-09-14 20:00:00,4.340007272567749,2019,367.8,24.44999599864483,65.56002103179932,50.25
2019-09-14 21:00:00,4.340007272567749,2019,259.6,24.44999599864483,65.56002103179932,44.5
2019-09-14 22:00:00,4.340007272567749,2019,66.8,24.44999599864483,65.56002103179932,42.0
2019-09-14 23:00:00,4.340007272567749,2019,13.0,24.44999599864483,65.56002103179932,41.0
2019-09-15 00:00:00,3.5500032993583677,2019,11.8,24.42999409895897,72.1299919091797,47.25
2019-09-15 00:00:00,3.5500032993583677,2019,185.8,24.42999409895897,72.1299919091797,57.5
2019-09-15 01:00:00,3.5500032993583677,2019,11.8,24.42999409895897,72.1299919091797,29.75
2019-09-15 02:00:00,3.5500032993583677,2019,11.8,24.42999409895897,72.1299919091797,40.0
2019-09-15 03:00:00,3.5500032993583677,2019,11.8,24.42999409895897,72.1299919091797,35.0
2019-09-15 04:00:00,3.5500032993583677,2019,11.9,24.42999409895897,72.1299919091797,35.5
2019-09-15 05:00:00,3.5500032993583677,2019,12.0,24.42999409895897,72.1299919091797,32.0
2019-09-15 06:00:00,3.5500032993583677,2019,11.7,24.42999409895897,72.1299919091797,34.25
2019-09-15 07:00:00,3.5500032993583677,2019,11.7,24.42999409895897,72.1299919091797,35.25
2019-09-15 08:00:00,3.5500032993583677,2019,11.8,24.42999409895897,72.1299919091797,35.0
2019-09-15 09:00:00,3.5500032993583677,2019,11.8,24.42999409895897,72.1299919091797,54.25
2019-09-15 10:00:00,3.5500032993583677,2019,13.9,24.42999409895897,72.1299919091797,61.0
2019-09-15 11:00:00,3.5500032993583677,2019,61.6,24.42999409895897,72.1299919091797,44.5
2019-09-15 13:00:00,3.5500032993583677,2019,379.7,24.42999409895897,72.1299919091797,63.25
2019-09-15 14:00:00,3.5500032993583677,2019,379.9,24.42999409895897,72.1299919091797,65.5
2019-09-15 15:00:00,3.5500032993583677,2019,598.2,24.42999409895897,72.1299919091797,68.5
2019-09-15 16:00:00,3.5500032993583677,2019,487.4,24.42999409895897,72.1299919091797,64.75
2019-09-15 17:00:00,3.5500032993583677,2019,1081.3,24.42999409895897,72.1299919091797,61.5
2019-09-15 18:00:00,3.5500032993583677,2019,1032.9,24.42999409895897,72.1299919091797,60.75
2019-09-15 19:00:00,3.5500032993583677,2019,871.1,24.42999409895897,72.1299919091797,57.0
2019-09-15 20:00:00,3.5500032993583677,2019,647.0,24.42999409895897,72.1299919091797,55.0
2019-09-15 21:00:00,3.5500032993583677,2019,355.8,24.42999409895897,72.1299919091797,45.75
2019-09-15 22:00:00,3.5500032993583677,2019,71.0,24.42999409895897,72.1299919091797,43.0
2019-09-15 23:00:00,3.5500032993583677,2019,11.8,24.42999409895897,72.1299919091797,50.5
2019-09-16 00:00:00,6.629993520857811,2019,11.7,26.229990190689087,71.48002058109665,41.25
2019-09-16 00:00:00,6.629993520857811,2019,242.0,26.229990190689087,71.48002058109665,80.25
2019-09-16 01:00:00,6.629993520857811,2019,11.7,26.229990190689087,71.48002058109665,32.0
2019-09-16 02:00:00,6.629993520857811,2019,11.9,26.229990190689087,71.48002058109665,34.0
2019-09-16 03:00:00,6.629993520857811,2019,11.8,26.229990190689087,71.48002058109665,40.5
2019-09-16 04:00:00,6.629993520857811,2019,11.6,26.229990190689087,71.48002058109665,31.0
2019-09-16 05:00:00,6.629993520857811,2019,11.7,26.229990190689087,71.48002058109665,29.0
2019-09-16 06:00:00,6.629993520857811,2019,11.9,26.229990190689087,71.48002058109665,36.75
2019-09-16 07:00:00,6.629993520857811,2019,11.6,26.229990190689087,71.48002058109665,35.0
2019-09-16 08:00:00,6.629993520857811,2019,11.8,26.229990190689087,71.48002058109665,50.0
2019-09-16 09:00:00,6.629993520857811,2019,11.8,26.229990190689087,71.48002058109665,78.0
2019-09-16 10:00:00,6.629993520857811,2019,19.1,26.229990190689087,71.48002058109665,77.0
2019-09-16 11:00:00,6.629993520857811,2019,80.4,26.229990190689087,71.48002058109665,40.0
2019-09-16 13:00:00,6.629993520857811,2019,476.4,26.229990190689087,71.48002058109665,81.5
2019-09-16 14:00:00,6.629993520857811,2019,712.5,26.229990190689087,71.48002058109665,82.0
2019-09-16 15:00:00,6.629993520857811,2019,785.4,26.229990190689087,71.48002058109665,73.75
2019-09-16 16:00:00,6.629993520857811,2019,911.3,26.229990190689087,71.48002058109665,69.25
2019-09-16 17:00:00,6.629993520857811,2019,1001.2,26.229990190689087,71.48002058109665,68.5
2019-09-16 18:00:00,6.629993520857811,2019,993.5,26.229990190689087,71.48002058109665,62.25
2019-09-16 19:00:00,6.629993520857811,2019,816.6,26.229990190689087,71.48002058109665,55.5
2019-09-16 20:00:00,6.629993520857811,2019,582.2,26.229990190689087,71.48002058109665,54.75
2019-09-16 21:00:00,6.629993520857811,2019,269.4,26.229990190689087,71.48002058109665,44.5
2019-09-16 22:00:00,6.629993520857811,2019,79.3,26.229990190689087,71.48002058109665,40.25
2019-09-16 23:00:00,6.629993520857811,2019,16.9,26.229990190689087,71.48002058109665,44.75
2019-09-17 00:00:00,5.599992383635521,2019,11.8,25.19000070702267,72.07998503163529,32.75
2019-09-17 00:00:00,5.599992383635521,2019,94.2,25.19000070702267,72.07998503163529,68.25
2019-09-17 01:00:00,5.599992383635521,2019,11.9,25.19000070702267,72.07998503163529,35.75
2019-09-17 02:00:00,5.599992383635521,2019,11.9,25.19000070702267,72.07998503163529,34.75
2019-09-17 03:00:00,5.599992383635521,2019,11.9,25.19000070702267,72.07998503163529,30.0
2019-09-17 04:00:00,5.599992383635521,2019,11.9,25.19000070702267,72.07998503163529,32.25
2019-09-17 05:00:00,5.599992383635521,2019,11.9,25.19000070702267,72.07998503163529,35.0
2019-09-17 06:00:00,5.599992383635521,2019,11.8,25.19000070702267,72.07998503163529,45.5
2019-09-17 07:00:00,5.599992383635521,2019,11.8,25.19000070702267,72.07998503163529,53.5
2019-09-17 08:00:00,5.599992383635521,2019,11.7,25.19000070702267,72.07998503163529,64.25
2019-09-17 09:00:00,5.599992383635521,2019,11.7,25.19000070702267,72.07998503163529,70.0
2019-09-17 10:00:00,5.599992383635521,2019,11.9,25.19000070702267,72.07998503163529,65.5
2019-09-17 11:00:00,5.599992383635521,2019,38.4,25.19000070702267,72.07998503163529,35.25
2019-09-17 13:00:00,5.599992383635521,2019,213.6,25.19000070702267,72.07998503163529,66.75
2019-09-17 14:00:00,5.599992383635521,2019,152.3,25.19000070702267,72.07998503163529,76.0
2019-09-17 15:00:00,5.599992383635521,2019,121.8,25.19000070702267,72.07998503163529,77.0
2019-09-17 16:00:00,5.599992383635521,2019,675.2,25.19000070702267,72.07998503163529,73.25
2019-09-17 17:00:00,5.599992383635521,2019,737.8,25.19000070702267,72.07998503163529,71.75
2019-09-17 18:00:00,5.599992383635521,2019,731.8,25.19000070702267,72.07998503163529,63.25
2019-09-17 19:00:00,5.599992383635521,2019,412.6,25.19000070702267,72.07998503163529,59.25
2019-09-17 20:00:00,5.599992383635521,2019,573.9,25.19000070702267,72.07998503163529,53.5
2019-09-17 21:00:00,5.599992383635521,2019,252.8,25.19000070702267,72.07998503163529,50.0
2019-09-17 22:00:00,5.599992383635521,2019,55.2,25.19000070702267,72.07998503163529,38.5
2019-09-17 23:00:00,5.599992383635521,2019,11.7,25.19000070702267,72.07998503163529,38.5
2019-09-18 00:00:00,5.469996581461906,2019,11.8,25.739998298384666,72.68000852217102,36.75
2019-09-18 00:00:00,5.469996581461906,2019,239.5,25.739998298384666,72.68000852217102,73.0
2019-09-18 01:00:00,5.469996581461906,2019,11.7,25.739998298384666,72.68000852217102,33.25
2019-09-18 02:00:00,5.469996581461906,2019,11.9,25.739998298384666,72.68000852217102,36.5
2019-09-18 03:00:00,5.469996581461906,2019,11.6,25.739998298384666,72.68000852217102,29.0
2019-09-18 04:00:00,5.469996581461906,2019,11.7,25.739998298384666,72.68000852217102,24.0
2019-09-18 05:00:00,5.469996581461906,2019,11.7,25.739998298384666,72.68000852217102,23.0
2019-09-18 06:00:00,5.469996581461906,2019,11.8,25.739998298384666,72.68000852217102,30.25
2019-09-18 07:00:00,5.469996581461906,2019,11.8,25.739998298384666,72.68000852217102,38.0
2019-09-18 08:00:00,5.469996581461906,2019,11.6,25.739998298384666,72.68000852217102,34.25
2019-09-18 09:00:00,5.469996581461906,2019,11.6,25.739998298384666,72.68000852217102,70.25
2019-09-18 10:00:00,5.469996581461906,2019,18.3,25.739998298384666,72.68000852217102,69.5
2019-09-18 11:00:00,5.469996581461906,2019,78.9,25.739998298384666,72.68000852217102,35.0
2019-09-18 13:00:00,5.469996581461906,2019,474.9,25.739998298384666,72.68000852217102,79.0
2019-09-18 14:00:00,5.469996581461906,2019,703.9,25.739998298384666,72.68000852217102,80.25
2019-09-18 15:00:00,5.469996581461906,2019,867.0,25.739998298384666,72.68000852217102,75.5
2019-09-18 16:00:00,5.469996581461906,2019,1036.5,25.739998298384666,72.68000852217102,70.75
2019-09-18 17:00:00,5.469996581461906,2019,1014.4,25.739998298384666,72.68000852217102,67.5
2019-09-18 18:00:00,5.469996581461906,2019,906.5,25.739998298384666,72.68000852217102,60.0
2019-09-18 19:00:00,5.469996581461906,2019,787.1,25.739998298384666,72.68000852217102,53.75
2019-09-18 20:00:00,5.469996581461906,2019,560.5,25.739998298384666,72.68000852217102,52.5
2019-09-18 21:00:00,5.469996581461906,2019,273.3,25.739998298384666,72.68000852217102,47.5
2019-09-18 22:00:00,5.469996581461906,2019,33.4,25.739998298384666,72.68000852217102,42.75
2019-09-18 23:00:00,5.469996581461906,2019,11.8,25.739998298384666,72.68000852217102,35.25
2019-09-19 00:00:00,5.409997290458679,2019,11.8,25.059999289064407,72.54002468904496,40.75
2019-09-19 00:00:00,5.409997290458679,2019,325.3,25.059999289064407,72.54002468904496,67.75
2019-09-19 01:00:00,5.409997290458679,2019,11.8,25.059999289064407,72.54002468904496,29.5
2019-09-19 02:00:00,5.409997290458679,2019,11.8,25.059999289064407,72.54002468904496,31.5
2019-09-19 03:00:00,5.409997290458679,2019,11.8,25.059999289064407,72.54002468904496,36.25
2019-09-19 04:00:00,5.409997290458679,2019,11.9,25.059999289064407,72.54002468904496,20.25
2019-09-19 05:00:00,5.409997290458679,2019,11.6,25.059999289064407,72.54002468904496,23.25
2019-09-19 06:00:00,5.409997290458679,2019,11.7,25.059999289064407,72.54002468904496,30.5
2019-09-19 07:00:00,5.409997290458679,2019,11.8,25.059999289064407,72.54002468904496,31.75
2019-09-19 08:00:00,5.409997290458679,2019,11.9,25.059999289064407,72.54002468904496,36.75
2019-09-19 09:00:00,5.409997290458679,2019,12.0,25.059999289064407,72.54002468904496,75.5
2019-09-19 10:00:00,5.409997290458679,2019,26.6,25.059999289064407,72.54002468904496,68.0
2019-09-19 11:00:00,5.409997290458679,2019,103.4,25.059999289064407,72.54002468904496,36.75
2019-09-19 13:00:00,5.409997290458679,2019,585.2,25.059999289064407,72.54002468904496,77.25
2019-09-19 14:00:00,5.409997290458679,2019,804.2,25.059999289064407,72.54002468904496,80.75
2019-09-19 15:00:00,5.409997290458679,2019,971.0,25.059999289064407,72.54002468904496,74.0
2019-09-19 16:00:00,5.409997290458679,2019,1060.5,25.059999289064407,72.54002468904496,70.0
2019-09-19 17:00:00,5.409997290458679,2019,1047.5,25.059999289064407,72.54002468904496,64.75
2019-09-19 18:00:00,5.409997290458679,2019,963.0,25.059999289064407,72.54002468904496,59.25
2019-09-19 19:00:00,5.409997290458679,2019,715.8,25.059999289064407,72.54002468904496,56.0
2019-09-19 20:00:00,5.409997290458679,2019,390.8,25.059999289064407,72.54002468904496,48.0
2019-09-19 21:00:00,5.409997290458679,2019,76.0,25.059999289064407,72.54002468904496,41.25
2019-09-19 22:00:00,5.409997290458679,2019,11.7,25.059999289064407,72.54002468904496,38.0
2019-09-19 23:00:00,5.409997290458679,2019,11.7,25.059999289064407,72.54002468904496,38.5
2019-09-20 00:00:00,5.539993092632294,2019,11.8,24.370010259901044,74.05003165489578,32.0
2019-09-20 00:00:00,5.539993092632294,2019,243.5,24.370010259901044,74.05003165489578,80.0
2019-09-20 01:00:00,5.539993092632294,2019,11.8,24.370010259901044,74.05003165489578,24.25
2019-09-20 02:00:00,5.539993092632294,2019,11.6,24.370010259901044,74.05003165489578,32.75
2019-09-20 03:00:00,5.539993092632294,2019,11.7,24.370010259901044,74.05003165489578,31.25
2019-09-20 04:00:00,5.539993092632294,2019,11.7,24.370010259901044,74.05003165489578,35.0
2019-09-20 05:00:00,5.539993092632294,2019,11.7,24.370010259901044,74.05003165489578,29.75
2019-09-20 06:00:00,5.539993092632294,2019,11.6,24.370010259901044,74.05003165489578,35.5
2019-09-20 07:00:00,5.539993092632294,2019,11.7,24.370010259901044,74.05003165489578,53.25
2019-09-20 08:00:00,5.539993092632294,2019,11.7,24.370010259901044,74.05003165489578,51.75
2019-09-20 09:00:00,5.539993092632294,2019,11.7,24.370010259901044,74.05003165489578,74.0
2019-09-20 10:00:00,5.539993092632294,2019,28.3,24.370010259901044,74.05003165489578,72.75
2019-09-20 11:00:00,5.539993092632294,2019,137.4,24.370010259901044,74.05003165489578,36.25
2019-09-20 13:00:00,5.539993092632294,2019,607.2,24.370010259901044,74.05003165489578,86.75
2019-09-20 14:00:00,5.539993092632294,2019,809.5,24.370010259901044,74.05003165489578,88.5
2019-09-20 15:00:00,5.539993092632294,2019,1014.4,24.370010259901044,74.05003165489578,74.75
2019-09-20 16:00:00,5.539993092632294,2019,481.7,24.370010259901044,74.05003165489578,59.0
2019-09-20 17:00:00,5.539993092632294,2019,296.3,24.370010259901044,74.05003165489578,49.5
2019-09-20 18:00:00,5.539993092632294,2019,132.0,24.370010259901044,74.05003165489578,57.0
2019-09-20 19:00:00,5.539993092632294,2019,111.6,24.370010259901044,74.05003165489578,46.75
2019-09-20 20:00:00,5.539993092632294,2019,50.6,24.370010259901044,74.05003165489578,50.0
2019-09-20 21:00:00,5.539993092632294,2019,15.9,24.370010259901044,74.05003165489578,45.75
2019-09-20 22:00:00,5.539993092632294,2019,11.9,24.370010259901044,74.05003165489578,41.25
2019-09-20 23:00:00,5.539993092632294,2019,11.8,24.370010259901044,74.05003165489578,38.5
2019-09-21 00:00:00,3.4099943070173264,2019,11.7,25.549991181368828,72.62002388511658,44.5
2019-09-21 00:00:00,3.4099943070173264,2019,233.3,25.549991181368828,72.62002388511658,53.0
2019-09-21 01:00:00,3.4099943070173264,2019,11.9,25.549991181368828,72.62002388511658,30.75
2019-09-21 02:00:00,3.4099943070173264,2019,11.9,25.549991181368828,72.62002388511658,45.25
2019-09-21 03:00:00,3.4099943070173264,2019,11.9,25.549991181368828,72.62002388511658,46.5
2019-09-21 04:00:00,3.4099943070173264,2019,12.0,25.549991181368828,72.62002388511658,32.5
2019-09-21 05:00:00,3.4099943070173264,2019,11.7,25.549991181368828,72.62002388511658,30.5
2019-09-21 06:00:00,3.4099943070173264,2019,11.6,25.549991181368828,72.62002388511658,34.75
2019-09-21 07:00:00,3.4099943070173264,2019,11.9,25.549991181368828,72.62002388511658,37.25
2019-09-21 08:00:00,3.4099943070173264,2019,11.8,25.549991181368828,72.62002388511658,40.0
2019-09-21 09:00:00,3.4099943070173264,2019,24.1,25.549991181368828,72.62002388511658,52.0
2019-09-21 10:00:00,3.4099943070173264,2019,73.0,25.549991181368828,72.62002388511658,51.75
2019-09-21 11:00:00,3.4099943070173264,2019,281.3,25.549991181368828,72.62002388511658,39.75
2019-09-21 13:00:00,3.4099943070173264,2019,240.8,25.549991181368828,72.62002388511658,54.25
2019-09-21 14:00:00,3.4099943070173264,2019,327.0,25.549991181368828,72.62002388511658,57.0
2019-09-21 15:00:00,3.4099943070173264,2019,590.6,25.549991181368828,72.62002388511658,57.25
2019-09-21 16:00:00,3.4099943070173264,2019,621.0,25.549991181368828,72.62002388511658,55.0
2019-09-21 17:00:00,3.4099943070173264,2019,366.8,25.549991181368828,72.62002388511658,54.0
2019-09-21 18:00:00,3.4099943070173264,2019,494.6,25.549991181368828,72.62002388511658,54.25
2019-09-21 19:00:00,3.4099943070173264,2019,138.4,25.549991181368828,72.62002388511658,41.5
2019-09-21 20:00:00,3.4099943070173264,2019,76.1,25.549991181368828,72.62002388511658,46.75
2019-09-21 21:00:00,3.4099943070173264,2019,15.9,25.549991181368828,72.62002388511658,44.25
2019-09-21 22:00:00,3.4099943070173264,2019,11.7,25.549991181368828,72.62002388511658,35.25
2019-09-21 23:00:00,3.4099943070173264,2019,11.7,25.549991181368828,72.62002388511658,34.5
2019-09-22 00:00:00,3.9500038960466384,2019,11.7,25.43999166309643,75.1899759189186,40.5
2019-09-22 00:00:00,3.9500038960466384,2019,529.9,25.43999166309643,75.1899759189186,53.25
2019-09-22 01:00:00,3.9500038960466384,2019,11.6,25.43999166309643,75.1899759189186,30.25
2019-09-22 02:00:00,3.9500038960466384,2019,11.6,25.43999166309643,75.1899759189186,28.5
2019-09-22 03:00:00,3.9500038960466384,2019,11.7,25.43999166309643,75.1899759189186,25.0
2019-09-22 04:00:00,3.9500038960466384,2019,11.8,25.43999166309643,75.1899759189186,20.75
2019-09-22 05:00:00,3.9500038960466384,2019,11.7,25.43999166309643,75.1899759189186,21.25
2019-09-22 06:00:00,3.9500038960466384,2019,11.6,25.43999166309643,75.1899759189186,21.25
2019-09-22 07:00:00,3.9500038960466384,2019,11.6,25.43999166309643,75.1899759189186,24.25
2019-09-22 08:00:00,3.9500038960466384,2019,11.6,25.43999166309643,75.1899759189186,32.5
2019-09-22 09:00:00,3.9500038960466384,2019,24.1,25.43999166309643,75.1899759189186,50.25
2019-09-22 10:00:00,3.9500038960466384,2019,99.6,25.43999166309643,75.1899759189186,47.0
2019-09-22 11:00:00,3.9500038960466384,2019,296.8,25.43999166309643,75.1899759189186,33.5
2019-09-22 13:00:00,3.9500038960466384,2019,753.0,25.43999166309643,75.1899759189186,55.75
2019-09-22 14:00:00,3.9500038960466384,2019,885.1,25.43999166309643,75.1899759189186,58.5
2019-09-22 15:00:00,3.9500038960466384,2019,999.9,25.43999166309643,75.1899759189186,60.0
2019-09-22 16:00:00,3.9500038960466384,2019,946.0,25.43999166309643,75.1899759189186,60.5
2019-09-22 17:00:00,3.9500038960466384,2019,780.7,25.43999166309643,75.1899759189186,59.0
2019-09-22 18:00:00,3.9500038960466384,2019,524.2,25.43999166309643,75.1899759189186,55.5
2019-09-22 19:00:00,3.9500038960466384,2019,502.2,25.43999166309643,75.1899759189186,43.75
2019-09-22 20:00:00,3.9500038960466384,2019,162.5,25.43999166309643,75.1899759189186,49.75
2019-09-22 21:00:00,3.9500038960466384,2019,21.1,25.43999166309643,75.1899759189186,37.75
2019-09-22 22:00:00,3.9500038960466384,2019,11.9,25.43999166309643,75.1899759189186,29.5
2019-09-22 23:00:00,3.9500038960466384,2019,11.8,25.43999166309643,75.1899759189186,31.5
2019-09-23 00:00:00,3.9199962655448917,2019,11.8,24.42999409895897,67.29998878635789,31.5
2019-09-23 00:00:00,3.9199962655448917,2019,569.4,24.42999409895897,67.29998878635789,53.0
2019-09-23 01:00:00,3.9199962655448917,2019,11.8,24.42999409895897,67.29998878635789,23.5
2019-09-23 02:00:00,3.9199962655448917,2019,11.7,24.42999409895897,67.29998878635789,28.5
2019-09-23 03:00:00,3.9199962655448917,2019,11.8,24.42999409895897,67.29998878635789,26.5
2019-09-23 04:00:00,3.9199962655448917,2019,11.7,24.42999409895897,67.29998878635789,15.0
2019-09-23 05:00:00,3.9199962655448917,2019,11.7,24.42999409895897,67.29998878635789,18.75
2019-09-23 06:00:00,3.9199962655448917,2019,11.7,24.42999409895897,67.29998878635789,20.75
2019-09-23 07:00:00,3.9199962655448917,2019,11.8,24.42999409895897,67.29998878635789,26.5
2019-09-23 08:00:00,3.9199962655448917,2019,11.7,24.42999409895897,67.29998878635789,31.0
2019-09-23 09:00:00,3.9199962655448917,2019,26.2,24.42999409895897,67.29998878635789,45.5
2019-09-23 10:00:00,3.9199962655448917,2019,109.4,24.42999409895897,67.29998878635789,64.75
2019-09-23 11:00:00,3.9199962655448917,2019,306.4,24.42999409895897,67.29998878635789,39.0
2019-09-23 13:00:00,3.9199962655448917,2019,787.2,24.42999409895897,67.29998878635789,64.0
2019-09-23 14:00:00,3.9199962655448917,2019,961.6,24.42999409895897,67.29998878635789,60.75
2019-09-23 15:00:00,3.9199962655448917,2019,946.3,24.42999409895897,67.29998878635789,59.75
2019-09-23 16:00:00,3.9199962655448917,2019,1053.3,24.42999409895897,67.29998878635789,51.75
2019-09-23 17:00:00,3.9199962655448917,2019,994.7,24.42999409895897,67.29998878635789,44.5
2019-09-23 18:00:00,3.9199962655448917,2019,785.4,24.42999409895897,67.29998878635789,53.75
2019-09-23 19:00:00,3.9199962655448917,2019,525.7,24.42999409895897,67.29998878635789,48.5
2019-09-23 20:00:00,3.9199962655448917,2019,241.3,24.42999409895897,67.29998878635789,47.25
2019-09-23 21:00:00,3.9199962655448917,2019,26.1,24.42999409895897,67.29998878635789,37.0
2019-09-23 22:00:00,3.9199962655448917,2019,11.8,24.42999409895897,67.29998878635789,33.5
2019-09-23 23:00:00,3.9199962655448917,2019,11.6,24.42999409895897,67.29998878635789,28.5
2019-09-24 00:00:00,4.940000182600021,2019,11.8,24.07999364445591,55.26999897709274,20.25
2019-09-24 00:00:00,4.940000182600021,2019,559.0,24.07999364445591,55.26999897709274,67.5
2019-09-24 01:00:00,4.940000182600021,2019,11.7,24.07999364445591,55.26999897709274,17.0
2019-09-24 02:00:00,4.940000182600021,2019,11.6,24.07999364445591,55.26999897709274,18.25
2019-09-24 03:00:00,4.940000182600021,2019,11.5,24.07999364445591,55.26999897709274,14.75
2019-09-24 04:00:00,4.940000182600021,2019,11.6,24.07999364445591,55.26999897709274,16.25
2019-09-24 05:00:00,4.940000182600021,2019,11.5,24.07999364445591,55.26999897709274,13.5
2019-09-24 06:00:00,4.940000182600021,2019,11.6,24.07999364445591,55.26999897709274,18.75
2019-09-24 07:00:00,4.940000182600021,2019,11.6,24.07999364445591,55.26999897709274,23.5
2019-09-24 08:00:00,4.940000182600021,2019,11.6,24.07999364445591,55.26999897709274,27.25
2019-09-24 09:00:00,4.940000182600021,2019,24.0,24.07999364445591,55.26999897709274,48.5
2019-09-24 10:00:00,4.940000182600021,2019,98.3,24.07999364445591,55.26999897709274,49.5
2019-09-24 11:00:00,4.940000182600021,2019,309.3,24.07999364445591,55.26999897709274,28.0
2019-09-24 13:00:00,4.940000182600021,2019,795.7,24.07999364445591,55.26999897709274,59.5
2019-09-24 14:00:00,4.940000182600021,2019,975.8,24.07999364445591,55.26999897709274,62.5
2019-09-24 15:00:00,4.940000182600021,2019,1085.0,24.07999364445591,55.26999897709274,59.5
2019-09-24 16:00:00,4.940000182600021,2019,1101.6,24.07999364445591,55.26999897709274,56.25
2019-09-24 17:00:00,4.940000182600021,2019,1015.3,24.07999364445591,55.26999897709274,58.5
2019-09-24 18:00:00,4.940000182600021,2019,840.2,24.07999364445591,55.26999897709274,46.25
2019-09-24 19:00:00,4.940000182600021,2019,587.5,24.07999364445591,55.26999897709274,39.0
2019-09-24 20:00:00,4.940000182600021,2019,292.3,24.07999364445591,55.26999897709274,40.25
2019-09-24 21:00:00,4.940000182600021,2019,32.4,24.07999364445591,55.26999897709274,43.75
2019-09-24 22:00:00,4.940000182600021,2019,11.9,24.07999364445591,55.26999897709274,35.25
2019-09-24 23:00:00,4.940000182600021,2019,11.7,24.07999364445591,55.26999897709274,30.75
2019-09-25 00:00:00,4.280007981564522,2019,11.9,22.91000274283123,61.82001433545303,22.75
2019-09-25 00:00:00,4.280007981564522,2019,613.9,22.91000274283123,61.82001433545303,65.25
2019-09-25 01:00:00,4.280007981564522,2019,11.9,22.91000274283123,61.82001433545303,18.75
2019-09-25 02:00:00,4.280007981564522,2019,11.7,22.91000274283123,61.82001433545303,24.5
2019-09-25 03:00:00,4.280007981564522,2019,11.7,22.91000274283123,61.82001433545303,14.25
2019-09-25 04:00:00,4.280007981564522,2019,11.6,22.91000274283123,61.82001433545303,20.0
2019-09-25 05:00:00,4.280007981564522,2019,11.8,22.91000274283123,61.82001433545303,18.25
2019-09-25 06:00:00,4.280007981564522,2019,11.6,22.91000274283123,61.82001433545303,25.75
2019-09-25 07:00:00,4.280007981564522,2019,11.9,22.91000274283123,61.82001433545303,37.0
2019-09-25 08:00:00,4.280007981564522,2019,11.8,22.91000274283123,61.82001433545303,40.75
2019-09-25 09:00:00,4.280007981564522,2019,33.4,22.91000274283123,61.82001433545303,61.75
2019-09-25 10:00:00,4.280007981564522,2019,138.0,22.91000274283123,61.82001433545303,54.25
2019-09-25 11:00:00,4.280007981564522,2019,364.8,22.91000274283123,61.82001433545303,28.0
2019-09-25 13:00:00,4.280007981564522,2019,836.0,22.91000274283123,61.82001433545303,68.25
2019-09-25 14:00:00,4.280007981564522,2019,1005.2,22.91000274283123,61.82001433545303,85.25
2019-09-25 15:00:00,4.280007981564522,2019,1100.3,22.91000274283123,61.82001433545303,81.75
2019-09-25 16:00:00,4.280007981564522,2019,1064.5,22.91000274283123,61.82001433545303,76.0
2019-09-25 17:00:00,4.280007981564522,2019,929.0,22.91000274283123,61.82001433545303,75.5
2019-09-25 18:00:00,4.280007981564522,2019,721.0,22.91000274283123,61.82001433545303,71.75
2019-09-25 19:00:00,4.280007981564522,2019,449.7,22.91000274283123,61.82001433545303,61.75
2019-09-25 20:00:00,4.280007981564522,2019,137.4,22.91000274283123,61.82001433545303,56.0
2019-09-25 21:00:00,4.280007981564522,2019,11.8,22.91000274283123,61.82001433545303,48.5
2019-09-25 22:00:00,4.280007981564522,2019,11.6,22.91000274283123,61.82001433545303,40.75
2019-09-25 23:00:00,4.280007981564522,2019,11.8,22.91000274283123,61.82001433545303,41.5
2019-09-26 00:00:00,6.099997121995926,2019,11.6,24.99999359000683,56.5900152322731,31.25
2019-09-26 00:00:00,6.099997121995926,2019,727.5,24.99999359000683,56.5900152322731,70.5
2019-09-26 01:00:00,6.099997121995926,2019,11.6,24.99999359000683,56.5900152322731,29.5
2019-09-26 02:00:00,6.099997121995926,2019,11.6,24.99999359000683,56.5900152322731,31.75
2019-09-26 03:00:00,6.099997121995926,2019,11.7,24.99999359000683,56.5900152322731,23.25
2019-09-26 04:00:00,6.099997121995926,2019,11.7,24.99999359000683,56.5900152322731,21.25
2019-09-26 05:00:00,6.099997121995926,2019,11.6,24.99999359000683,56.5900152322731,18.5
2019-09-26 06:00:00,6.099997121995926,2019,11.6,24.99999359000683,56.5900152322731,22.0
2019-09-26 07:00:00,6.099997121995926,2019,11.5,24.99999359000683,56.5900152322731,27.5
2019-09-26 08:00:00,6.099997121995926,2019,16.9,24.99999359000683,56.5900152322731,32.5
2019-09-26 09:00:00,6.099997121995926,2019,69.8,24.99999359000683,56.5900152322731,55.75
2019-09-26 10:00:00,6.099997121995926,2019,247.1,24.99999359000683,56.5900152322731,50.25
2019-09-26 11:00:00,6.099997121995926,2019,491.0,24.99999359000683,56.5900152322731,38.25
2019-09-26 13:00:00,6.099997121995926,2019,922.0,24.99999359000683,56.5900152322731,75.25
2019-09-26 14:00:00,6.099997121995926,2019,1051.9,24.99999359000683,56.5900152322731,74.0
2019-09-26 15:00:00,6.099997121995926,2019,1090.9,24.99999359000683,56.5900152322731,71.0
2019-09-26 16:00:00,6.099997121995926,2019,1032.2,24.99999359000683,56.5900152322731,67.75
2019-09-26 17:00:00,6.099997121995926,2019,877.0,24.99999359000683,56.5900152322731,69.0
2019-09-26 18:00:00,6.099997121995926,2019,639.5,24.99999359000683,56.5900152322731,67.5
2019-09-26 19:00:00,6.099997121995926,2019,345.9,24.99999359000683,56.5900152322731,60.0
2019-09-26 20:00:00,6.099997121995926,2019,56.2,24.99999359000683,56.5900152322731,53.0
2019-09-26 21:00:00,6.099997121995926,2019,11.9,24.99999359000683,56.5900152322731,51.25
2019-09-26 22:00:00,6.099997121995926,2019,11.8,24.99999359000683,56.5900152322731,38.25
2019-09-26 23:00:00,6.099997121995926,2019,12.0,24.99999359000683,56.5900152322731,34.5
2019-09-27 00:00:00,5.440004920960427,2019,11.8,23.859994607911112,69.0299787814064,25.75
2019-09-27 00:00:00,5.440004920960427,2019,780.5,23.859994607911112,69.0299787814064,46.5
2019-09-27 01:00:00,5.440004920960427,2019,11.8,23.859994607911112,69.0299787814064,27.5
2019-09-27 02:00:00,5.440004920960427,2019,11.9,23.859994607911112,69.0299787814064,22.5
2019-09-27 03:00:00,5.440004920960427,2019,11.7,23.859994607911112,69.0299787814064,22.0
2019-09-27 04:00:00,5.440004920960427,2019,11.7,23.859994607911112,69.0299787814064,22.75
2019-09-27 05:00:00,5.440004920960427,2019,11.7,23.859994607911112,69.0299787814064,20.25
2019-09-27 06:00:00,5.440004920960427,2019,11.7,23.859994607911112,69.0299787814064,21.5
2019-09-27 07:00:00,5.440004920960427,2019,11.7,23.859994607911112,69.0299787814064,21.0
2019-09-27 08:00:00,5.440004920960427,2019,23.0,23.859994607911112,69.0299787814064,25.5
2019-09-27 09:00:00,5.440004920960427,2019,103.3,23.859994607911112,69.0299787814064,40.25
2019-09-27 10:00:00,5.440004920960427,2019,305.7,23.859994607911112,69.0299787814064,47.0
2019-09-27 11:00:00,5.440004920960427,2019,550.7,23.859994607911112,69.0299787814064,32.5
2019-09-27 13:00:00,5.440004920960427,2019,962.9,23.859994607911112,69.0299787814064,59.25
2019-09-27 14:00:00,5.440004920960427,2019,1068.8,23.859994607911112,69.0299787814064,51.25
2019-09-27 15:00:00,5.440004920960427,2019,1081.8,23.859994607911112,69.0299787814064,55.0
2019-09-27 16:00:00,5.440004920960427,2019,994.2,23.859994607911112,69.0299787814064,54.5
2019-09-27 17:00:00,5.440004920960427,2019,804.2,23.859994607911112,69.0299787814064,55.25
2019-09-27 18:00:00,5.440004920960427,2019,551.9,23.859994607911112,69.0299787814064,54.75
2019-09-27 19:00:00,5.440004920960427,2019,245.3,23.859994607911112,69.0299787814064,42.0
2019-09-27 20:00:00,5.440004920960427,2019,20.2,23.859994607911112,69.0299787814064,47.75
2019-09-27 21:00:00,5.440004920960427,2019,11.6,23.859994607911112,69.0299787814064,46.25
2019-09-27 22:00:00,5.440004920960427,2019,11.7,23.859994607911112,69.0299787814064,36.75
2019-09-27 23:00:00,5.440004920960427,2019,11.6,23.859994607911112,69.0299787814064,34.25
2019-09-28 00:00:00,4.52000514557743,2019,11.6,23.10999987969017,73.95001789980698,36.25
2019-09-28 00:00:00,4.52000514557743,2019,785.4,23.10999987969017,73.95001789980698,37.0
2019-09-28 01:00:00,4.52000514557743,2019,11.5,23.10999987969017,73.95001789980698,21.25
2019-09-28 02:00:00,4.52000514557743,2019,11.5,23.10999987969017,73.95001789980698,20.5
2019-09-28 03:00:00,4.52000514557743,2019,11.6,23.10999987969017,73.95001789980698,19.75
2019-09-28 04:00:00,4.52000514557743,2019,11.6,23.10999987969017,73.95001789980698,20.75
2019-09-28 05:00:00,4.52000514557743,2019,11.5,23.10999987969017,73.95001789980698,16.75
2019-09-28 06:00:00,4.52000514557743,2019,11.6,23.10999987969017,73.95001789980698,19.5
2019-09-28 07:00:00,4.52000514557743,2019,11.6,23.10999987969017,73.95001789980698,20.0
2019-09-28 08:00:00,4.52000514557743,2019,22.9,23.10999987969017,73.95001789980698,24.75
2019-09-28 09:00:00,4.52000514557743,2019,100.5,23.10999987969017,73.95001789980698,37.75
2019-09-28 10:00:00,4.52000514557743,2019,308.1,23.10999987969017,73.95001789980698,33.75
2019-09-28 11:00:00,4.52000514557743,2019,415.7,23.10999987969017,73.95001789980698,34.75
2019-09-28 13:00:00,4.52000514557743,2019,955.8,23.10999987969017,73.95001789980698,49.25
2019-09-28 14:00:00,4.52000514557743,2019,1065.9,23.10999987969017,73.95001789980698,46.25
2019-09-28 15:00:00,4.52000514557743,2019,1075.4,23.10999987969017,73.95001789980698,53.0
2019-09-28 16:00:00,4.52000514557743,2019,992.4,23.10999987969017,73.95001789980698,47.5
2019-09-28 17:00:00,4.52000514557743,2019,820.7,23.10999987969017,73.95001789980698,47.0
2019-09-28 18:00:00,4.52000514557743,2019,572.7,23.10999987969017,73.95001789980698,46.5
2019-09-28 19:00:00,4.52000514557743,2019,261.1,23.10999987969017,73.95001789980698,42.5
2019-09-28 20:00:00,4.52000514557743,2019,21.1,23.10999987969017,73.95001789980698,49.5
2019-09-28 21:00:00,4.52000514557743,2019,11.9,23.10999987969017,73.95001789980698,41.25
2019-09-28 22:00:00,4.52000514557743,2019,12.0,23.10999987969017,73.95001789980698,30.5
2019-09-28 23:00:00,4.52000514557743,2019,11.8,23.10999987969017,73.95001789980698,25.25
2019-09-29 00:00:00,4.3899933734035494,2019,11.8,22.739997525501252,72.79000003676987,18.0
2019-09-29 00:00:00,4.3899933734035494,2019,767.7,22.739997525501252,72.79000003676987,47.0
2019-09-29 01:00:00,4.3899933734035494,2019,11.7,22.739997525501252,72.79000003676987,14.75
2019-09-29 02:00:00,4.3899933734035494,2019,11.8,22.739997525501252,72.79000003676987,21.0
2019-09-29 03:00:00,4.3899933734035494,2019,11.8,22.739997525501252,72.79000003676987,17.75
2019-09-29 04:00:00,4.3899933734035494,2019,11.7,22.739997525501252,72.79000003676987,15.0
2019-09-29 05:00:00,4.3899933734035494,2019,11.6,22.739997525501252,72.79000003676987,14.0
2019-09-29 06:00:00,4.3899933734035494,2019,11.7,22.739997525501252,72.79000003676987,17.25
2019-09-29 07:00:00,4.3899933734035494,2019,11.7,22.739997525501252,72.79000003676987,16.75
2019-09-29 08:00:00,4.3899933734035494,2019,21.2,22.739997525501252,72.79000003676987,19.75
2019-09-29 09:00:00,4.3899933734035494,2019,89.3,22.739997525501252,72.79000003676987,32.75
2019-09-29 10:00:00,4.3899933734035494,2019,213.3,22.739997525501252,72.79000003676987,45.25
2019-09-29 11:00:00,4.3899933734035494,2019,553.1,22.739997525501252,72.79000003676987,25.5
2019-09-29 13:00:00,4.3899933734035494,2019,944.4,22.739997525501252,72.79000003676987,49.5
2019-09-29 14:00:00,4.3899933734035494,2019,1048.9,22.739997525501252,72.79000003676987,52.25
2019-09-29 15:00:00,4.3899933734035494,2019,1062.3,22.739997525501252,72.79000003676987,53.5
2019-09-29 16:00:00,4.3899933734035494,2019,971.2,22.739997525501252,72.79000003676987,41.0
2019-09-29 17:00:00,4.3899933734035494,2019,802.0,22.739997525501252,72.79000003676987,57.0
2019-09-29 18:00:00,4.3899933734035494,2019,551.5,22.739997525501252,72.79000003676987,53.25
2019-09-29 19:00:00,4.3899933734035494,2019,239.3,22.739997525501252,72.79000003676987,44.0
2019-09-29 20:00:00,4.3899933734035494,2019,17.9,22.739997525501252,72.79000003676987,44.75
2019-09-29 21:00:00,4.3899933734035494,2019,11.6,22.739997525501252,72.79000003676987,36.0
2019-09-29 22:00:00,4.3899933734035494,2019,11.8,22.739997525501252,72.79000003676987,39.5
2019-09-29 23:00:00,4.3899933734035494,2019,11.6,22.739997525501252,72.79000003676987,30.75
2019-09-30 00:00:00,4.4999947352428435,2019,11.6,22.93000464251709,68.9800309438591,20.5
2019-09-30 00:00:00,4.4999947352428435,2019,742.1,22.93000464251709,68.9800309438591,67.0
2019-09-30 01:00:00,4.4999947352428435,2019,11.6,22.93000464251709,68.9800309438591,16.0
2019-09-30 02:00:00,4.4999947352428435,2019,11.6,22.93000464251709,68.9800309438591,18.5
2019-09-30 03:00:00,4.4999947352428435,2019,11.6,22.93000464251709,68.9800309438591,16.25
2019-09-30 04:00:00,4.4999947352428435,2019,11.6,22.93000464251709,68.9800309438591,17.25
2019-09-30 05:00:00,4.4999947352428435,2019,11.6,22.93000464251709,68.9800309438591,19.5
2019-09-30 06:00:00,4.4999947352428435,2019,11.6,22.93000464251709,68.9800309438591,18.0
2019-09-30 07:00:00,4.4999947352428435,2019,11.6,22.93000464251709,68.9800309438591,29.75
2019-09-30 08:00:00,4.4999947352428435,2019,17.0,22.93000464251709,68.9800309438591,28.75
2019-09-30 09:00:00,4.4999947352428435,2019,73.6,22.93000464251709,68.9800309438591,53.5
2019-09-30 10:00:00,4.4999947352428435,2019,256.9,22.93000464251709,68.9800309438591,62.5
2019-09-30 11:00:00,4.4999947352428435,2019,503.3,22.93000464251709,68.9800309438591,27.5
2019-09-30 13:00:00,4.4999947352428435,2019,950.7,22.93000464251709,68.9800309438591,66.0
2019-09-30 14:00:00,4.4999947352428435,2019,1064.6,22.93000464251709,68.9800309438591,68.0
2019-09-30 15:00:00,4.4999947352428435,2019,1074.9,22.93000464251709,68.9800309438591,62.75
2019-09-30 16:00:00,4.4999947352428435,2019,1032.1,22.93000464251709,68.9800309438591,57.0
2019-09-30 17:00:00,4.4999947352428435,2019,666.1,22.93000464251709,68.9800309438591,46.5
2019-09-30 18:00:00,4.4999947352428435,2019,402.5,22.93000464251709,68.9800309438591,57.25
2019-09-30 19:00:00,4.4999947352428435,2019,200.2,22.93000464251709,68.9800309438591,56.0
2019-09-30 20:00:00,4.4999947352428435,2019,24.4,22.93000464251709,68.9800309438591,34.5
2019-09-30 21:00:00,4.4999947352428435,2019,11.9,22.93000464251709,68.9800309438591,40.5
2019-09-30 22:00:00,4.4999947352428435,2019,12.0,22.93000464251709,68.9800309438591,43.25
2019-09-30 23:00:00,4.4999947352428435,2019,11.7,22.93000464251709,68.9800309438591,39.75
