date,Gas_01,Gas_02,Gas_03,Electricity,Maximum_Humidity,Solar_Radiation,Day_Degree_Hot,Day_Degree_Cold,Average_Humidity,Max_OutdoorTemp,Average_OutdoorTemp,Min_OutdoorTemp,Year,Month,Week,Day,Hour,id
2021-09-01 00:00:00,0.0,38.377327,0.0,42.75,74.612503,11.8,0.0,7.32,62.939999,38.060001,26.74,22.18,2019,9,35,1,0,26084
2021-09-01 01:00:00,0.0,31.673353,0.0,32.0,70.357498,11.8,0.0,7.32,62.939999,38.060001,26.74,22.18,2019,9,35,1,1,26085
2021-09-01 02:00:00,0.0,40.394386,0.0,38.0,74.385002,11.8,0.0,7.32,62.939999,38.060001,26.74,22.18,2019,9,35,1,2,26086
2021-09-01 03:00:00,0.0,38.405697,0.0,34.75,71.247498,11.9,0.0,7.32,62.939999,38.060001,26.74,22.18,2019,9,35,1,3,26087
2021-09-01 04:00:00,0.0,38.377327,0.0,26.75,63.950001,11.9,0.0,7.32,62.939999,38.060001,26.74,22.18,2019,9,35,1,4,26088
2021-09-01 05:00:00,0.0,45.564213,0.0,29.25,63.305,12.0,0.0,7.32,62.939999,38.060001,26.74,22.18,2019,9,35,1,5,26089
2021-09-01 06:00:00,0.0,42.723499,0.0,29.25,61.075001,11.8,0.0,7.32,62.939999,38.060001,26.74,22.18,2019,9,35,1,6,26090
2021-09-01 07:00:00,0.0,42.439495,0.0,41.5,61.5625,12.0,0.0,7.32,62.939999,38.060001,26.74,22.18,2019,9,35,1,7,26091
2021-09-01 08:00:00,0.0,50.507088,0.0,34.5,61.395,11.9,0.0,7.32,62.939999,38.060001,26.74,22.18,2019,9,35,1,8,26092
2021-09-01 09:00:00,0.0,50.137653,0.0,52.5,53.400002,17.0,0.0,7.32,62.939999,38.060001,26.74,22.18,2019,9,35,1,9,26093
2021-09-01 10:00:00,0.0,52.268188,0.0,53.5,57.735001,56.599998,0.0,7.32,62.939999,38.060001,26.74,22.18,2019,9,35,1,10,26094
2021-09-01 11:00:00,0.0,38.008213,0.0,51.0,61.66,163.5,0.0,7.32,62.939999,38.060001,26.74,22.18,2019,9,35,1,11,26095
2021-09-01 00:00:00,0.0,26.929379,0.0,55.25,54.342499,374.100006,0.0,7.32,62.939999,38.060001,26.74,22.18,2019,9,35,1,12,26096
2021-09-01 13:00:00,0.0,30.821331,0.0,57.5,55.904999,602.599976,0.0,7.32,62.939999,38.060001,26.74,22.18,2019,9,35,1,13,26097
2021-09-01 14:00:00,0.0,2.585072,0.0,63.0,58.779999,809.299988,0.0,7.32,62.939999,38.060001,26.74,22.18,2019,9,35,1,14,26098
2021-09-01 15:00:00,0.0,0.0,0.0,66.5,53.9925,960.0,0.0,7.32,62.939999,38.060001,26.74,22.18,2019,9,35,1,15,26099
2021-09-01 16:00:00,0.0,0.0,0.0,63.75,50.322498,1033.599976,0.0,7.32,62.939999,38.060001,26.74,22.18,2019,9,35,1,16,26100
2021-09-01 17:00:00,0.0,0.0,0.0,65.25,53.577499,1015.700012,0.0,7.32,62.939999,38.060001,26.74,22.18,2019,9,35,1,17,26101
2021-09-01 18:00:00,0.0,0.0,0.0,63.0,51.6175,909.299988,0.0,7.32,62.939999,38.060001,26.74,22.18,2019,9,35,1,18,26102
2021-09-01 19:00:00,0.0,0.0,0.0,63.25,56.705002,725.700012,0.0,7.32,62.939999,38.060001,26.74,22.18,2019,9,35,1,19,26103
2021-09-01 20:00:00,0.0,0.0,0.0,59.75,58.772499,489.799988,0.0,7.32,62.939999,38.060001,26.74,22.18,2019,9,35,1,20,26104
2021-09-01 21:00:00,0.0,0.0,0.0,56.0,59.685001,205.600006,0.0,7.32,62.939999,38.060001,26.74,22.18,2019,9,35,1,21,26105
2021-09-01 22:00:00,0.0,35.536617,0.0,55.0,63.302502,23.9,0.0,7.32,62.939999,38.060001,26.74,22.18,2019,9,35,1,22,26106
2021-09-01 23:00:00,0.0,29.145336,0.0,51.25,61.365002,11.9,0.0,7.32,62.939999,38.060001,26.74,22.18,2019,9,35,1,23,26107
2021-09-02 00:00:00,0.0,42.411125,0.0,41.25,58.169998,11.9,0.0,8.13,60.77,39.540001,27.01,22.450001,2019,9,36,2,0,26108
2021-09-02 01:00:00,0.0,39.85442,0.0,27.0,56.150002,11.7,0.0,8.13,60.77,39.540001,27.01,22.450001,2019,9,36,2,1,26109
2021-09-02 02:00:00,0.0,38.348961,0.0,33.0,54.7575,11.8,0.0,8.13,60.77,39.540001,27.01,22.450001,2019,9,36,2,2,26110
2021-09-02 03:00:00,0.0,36.729702,0.0,41.25,54.4375,11.7,0.0,8.13,60.77,39.540001,27.01,22.450001,2019,9,36,2,3,26111
2021-09-02 04:00:00,0.0,44.342758,0.0,24.25,53.237499,11.6,0.0,8.13,60.77,39.540001,27.01,22.450001,2019,9,36,2,4,26112
2021-09-02 05:00:00,0.0,39.826054,0.0,29.5,56.252499,11.8,0.0,8.13,60.77,39.540001,27.01,22.450001,2019,9,36,2,5,26113
2021-09-02 06:00:00,0.0,43.320202,0.0,35.0,55.987499,11.6,0.0,8.13,60.77,39.540001,27.01,22.450001,2019,9,36,2,6,26114
2021-09-02 07:00:00,0.0,40.905663,0.0,48.0,55.549999,11.6,0.0,8.13,60.77,39.540001,27.01,22.450001,2019,9,36,2,7,26115
2021-09-02 08:00:00,0.0,51.98418,0.0,63.0,54.560001,11.7,0.0,8.13,60.77,39.540001,27.01,22.450001,2019,9,36,2,8,26116
2021-09-02 09:00:00,0.0,50.791096,0.0,62.75,52.1675,12.8,0.0,8.13,60.77,39.540001,27.01,22.450001,2019,9,36,2,9,26117
2021-09-02 10:00:00,0.0,51.615067,0.0,84.5,66.397499,49.099998,0.0,8.13,60.77,39.540001,27.01,22.450001,2019,9,36,2,10,26118
2021-09-02 11:00:00,0.0,28.321365,0.0,31.0,74.522499,164.800003,0.0,8.13,60.77,39.540001,27.01,22.450001,2019,9,36,2,11,26119
2021-09-02 00:00:00,0.0,33.349346,0.0,94.5,70.754997,382.600006,0.0,8.13,60.77,39.540001,27.01,22.450001,2019,9,36,2,12,26120
2021-09-02 13:00:00,0.0,32.951862,0.0,99.25,67.410004,612.5,0.0,8.13,60.77,39.540001,27.01,22.450001,2019,9,36,2,13,26121
2021-09-02 14:00:00,0.0,10.396709,0.0,99.25,65.559998,823.0,0.0,8.13,60.77,39.540001,27.01,22.450001,2019,9,36,2,14,26122
2021-09-02 15:00:00,0.0,0.0,0.0,97.75,63.5825,996.599976,0.0,8.13,60.77,39.540001,27.01,22.450001,2019,9,36,2,15,26123
2021-09-02 16:00:00,0.0,0.0,0.0,86.25,61.630001,1052.099976,0.0,8.13,60.77,39.540001,27.01,22.450001,2019,9,36,2,16,26124
2021-09-02 17:00:00,0.0,0.0,0.0,89.25,60.5275,1007.299988,0.0,8.13,60.77,39.540001,27.01,22.450001,2019,9,36,2,17,26125
2021-09-02 18:00:00,0.0,0.0,0.0,82.75,58.044998,876.0,0.0,8.13,60.77,39.540001,27.01,22.450001,2019,9,36,2,18,26126
2021-09-02 19:00:00,0.0,0.0,0.0,70.25,58.145,671.599976,0.0,8.13,60.77,39.540001,27.01,22.450001,2019,9,36,2,19,26127
2021-09-02 20:00:00,0.0,0.0,0.0,63.25,57.82,423.299988,0.0,8.13,60.77,39.540001,27.01,22.450001,2019,9,36,2,20,26128
2021-09-02 21:00:00,0.0,19.288275,0.0,59.25,58.052502,157.199997,0.0,8.13,60.77,39.540001,27.01,22.450001,2019,9,36,2,21,26129
2021-09-02 22:00:00,0.0,34.286793,0.0,49.5,59.525002,15.0,0.0,8.13,60.77,39.540001,27.01,22.450001,2019,9,36,2,22,26130
2021-09-02 23:00:00,0.0,24.770475,0.0,40.25,63.255001,11.9,0.0,8.13,60.77,39.540001,27.01,22.450001,2019,9,36,2,23,26131
2021-09-03 00:00:00,0.0,53.972549,0.0,37.25,64.334999,11.8,0.0,8.82,59.900002,40.75,27.25,22.790001,2019,9,36,3,0,26132
2021-09-03 01:00:00,0.0,40.195484,0.0,30.0,63.985001,11.9,0.0,8.82,59.900002,40.75,27.25,22.790001,2019,9,36,3,1,26133
2021-09-03 02:00:00,0.0,34.599171,0.0,42.75,64.949997,11.7,0.0,8.82,59.900002,40.75,27.25,22.790001,2019,9,36,3,2,26134
2021-09-03 03:00:00,0.0,36.58786,0.0,33.25,66.457497,11.9,0.0,8.82,59.900002,40.75,27.25,22.790001,2019,9,36,3,3,26135
2021-09-03 04:00:00,0.0,44.428185,0.0,28.5,67.022499,11.9,0.0,8.82,59.900002,40.75,27.25,22.790001,2019,9,36,3,4,26136
2021-09-03 05:00:00,0.0,45.052937,0.0,28.75,68.872498,11.9,0.0,8.82,59.900002,40.75,27.25,22.790001,2019,9,36,3,5,26137
2021-09-03 06:00:00,0.0,39.229668,0.0,35.0,68.574997,11.7,0.0,8.82,59.900002,40.75,27.25,22.790001,2019,9,36,3,6,26138
2021-09-03 07:00:00,0.0,47.524212,0.0,52.25,70.330002,11.8,0.0,8.82,59.900002,40.75,27.25,22.790001,2019,9,36,3,7,26139
2021-09-03 08:00:00,0.0,53.120529,0.0,74.0,70.315002,12.0,0.0,8.82,59.900002,40.75,27.25,22.790001,2019,9,36,3,8,26140
2021-09-03 09:00:00,0.0,51.359108,0.0,74.25,65.267502,16.0,0.0,8.82,59.900002,40.75,27.25,22.790001,2019,9,36,3,9,26141
2021-09-03 10:00:00,0.0,54.82489,0.0,81.25,56.595001,53.799999,0.0,8.82,59.900002,40.75,27.25,22.790001,2019,9,36,3,10,26142
2021-09-03 11:00:00,0.0,33.747147,0.0,38.5,49.459999,162.399994,0.0,8.82,59.900002,40.75,27.25,22.790001,2019,9,36,3,11,26143
2021-09-03 00:00:00,0.0,36.956974,0.0,90.0,47.737499,376.799988,0.0,8.82,59.900002,40.75,27.25,22.790001,2019,9,36,3,12,26144
2021-09-03 13:00:00,0.0,32.071156,0.0,91.5,46.947498,624.200012,0.0,8.82,59.900002,40.75,27.25,22.790001,2019,9,36,3,13,26145
2021-09-03 14:00:00,0.0,5.766528,0.0,90.75,48.717499,861.900024,0.0,8.82,59.900002,40.75,27.25,22.790001,2019,9,36,3,14,26146
2021-09-03 15:00:00,0.0,0.0,0.0,79.25,51.514999,996.599976,0.0,8.82,59.900002,40.75,27.25,22.790001,2019,9,36,3,15,26147
2021-09-03 16:00:00,0.0,0.0,0.0,73.25,54.1675,1048.199951,0.0,8.82,59.900002,40.75,27.25,22.790001,2019,9,36,3,16,26148
2021-09-03 17:00:00,0.0,0.0,0.0,75.75,56.375,1002.400024,0.0,8.82,59.900002,40.75,27.25,22.790001,2019,9,36,3,17,26149
2021-09-03 18:00:00,0.0,0.0,0.0,75.75,59.459999,867.799988,0.0,8.82,59.900002,40.75,27.25,22.790001,2019,9,36,3,18,26150
2021-09-03 19:00:00,0.0,0.0,0.0,70.5,62.91,660.700012,0.0,8.82,59.900002,40.75,27.25,22.790001,2019,9,36,3,19,26151
2021-09-03 20:00:00,0.0,0.0,0.0,67.75,67.512497,357.299988,0.0,8.82,59.900002,40.75,27.25,22.790001,2019,9,36,3,20,26152
2021-09-03 21:00:00,0.0,38.661335,0.0,61.75,72.067497,136.199997,0.0,8.82,59.900002,40.75,27.25,22.790001,2019,9,36,3,21,26153
2021-09-03 22:00:00,0.0,24.997746,0.0,57.0,71.459999,15.0,0.0,8.82,59.900002,40.75,27.25,22.790001,2019,9,36,3,22,26154
2021-09-03 23:00:00,0.0,32.38353,0.0,54.25,71.052498,11.9,0.0,8.82,59.900002,40.75,27.25,22.790001,2019,9,36,3,23,26155
2021-09-04 00:00:00,0.0,27.753349,0.0,43.75,71.927498,11.9,0.0,8.15,62.040001,39.240002,27.42,23.059999,2019,9,36,4,0,26156
2021-09-04 01:00:00,0.0,33.093708,0.0,33.5,73.294998,11.8,0.0,8.15,62.040001,39.240002,27.42,23.059999,2019,9,36,4,1,26157
2021-09-04 02:00:00,0.0,38.348961,0.0,46.0,75.337502,11.8,0.0,8.15,62.040001,39.240002,27.42,23.059999,2019,9,36,4,2,26158
2021-09-04 03:00:00,0.0,44.484921,0.0,42.5,73.942497,11.8,0.0,8.15,62.040001,39.240002,27.42,23.059999,2019,9,36,4,3,26159
2021-09-04 04:00:00,0.0,39.229668,0.0,30.0,72.287498,11.9,0.0,8.15,62.040001,39.240002,27.42,23.059999,2019,9,36,4,4,26160
2021-09-04 05:00:00,0.0,44.683823,0.0,36.75,74.792503,11.7,0.0,8.15,62.040001,39.240002,27.42,23.059999,2019,9,36,4,5,26161
2021-09-04 06:00:00,0.0,54.228188,0.0,50.25,70.802498,11.8,0.0,8.15,62.040001,39.240002,27.42,23.059999,2019,9,36,4,6,26162
2021-09-04 07:00:00,0.0,66.954651,0.0,64.75,69.754997,11.8,0.0,8.15,62.040001,39.240002,27.42,23.059999,2019,9,36,4,7,26163
2021-09-04 08:00:00,0.0,83.089516,0.0,65.75,70.212502,11.9,0.0,8.15,62.040001,39.240002,27.42,23.059999,2019,9,36,4,8,26164
2021-09-04 09:00:00,0.0,82.180443,0.0,65.75,66.464996,13.9,0.0,8.15,62.040001,39.240002,27.42,23.059999,2019,9,36,4,9,26165
2021-09-04 10:00:00,0.0,68.715752,0.0,73.5,63.217499,48.799999,0.0,8.15,62.040001,39.240002,27.42,23.059999,2019,9,36,4,10,26166
2021-09-04 11:00:00,0.0,39.598782,0.0,49.75,62.717499,126.199997,0.0,8.15,62.040001,39.240002,27.42,23.059999,2019,9,36,4,11,26167
2021-09-04 00:00:00,0.0,29.94062,0.0,89.0,64.462502,332.100006,0.0,8.15,62.040001,39.240002,27.42,23.059999,2019,9,36,4,12,26168
2021-09-04 13:00:00,0.0,17.015577,0.0,99.25,65.150002,616.700012,0.0,8.15,62.040001,39.240002,27.42,23.059999,2019,9,36,4,13,26169
2021-09-04 14:00:00,0.0,30.537323,0.0,99.25,62.029999,604.299988,0.0,8.15,62.040001,39.240002,27.42,23.059999,2019,9,36,4,14,26170
2021-09-04 15:00:00,0.0,21.645758,0.0,87.75,63.0825,449.100006,0.0,8.15,62.040001,39.240002,27.42,23.059999,2019,9,36,4,15,26171
2021-09-04 16:00:00,0.0,19.600651,0.0,80.75,65.142502,909.700012,0.0,8.15,62.040001,39.240002,27.42,23.059999,2019,9,36,4,16,26172
2021-09-04 17:00:00,0.0,26.276257,0.0,74.75,67.497498,419.0,0.0,8.15,62.040001,39.240002,27.42,23.059999,2019,9,36,4,17,26173
2021-09-04 18:00:00,0.0,31.928991,0.0,66.25,70.112503,479.200012,0.0,8.15,62.040001,39.240002,27.42,23.059999,2019,9,36,4,18,26174
2021-09-04 19:00:00,0.0,31.531507,0.0,57.5,66.389999,197.100006,0.0,8.15,62.040001,39.240002,27.42,23.059999,2019,9,36,4,19,26175
2021-09-04 20:00:00,0.0,42.979141,0.0,54.5,67.599998,101.199997,0.0,8.15,62.040001,39.240002,27.42,23.059999,2019,9,36,4,20,26176
2021-09-04 21:00:00,0.0,43.547474,0.0,57.25,69.712502,42.400002,0.0,8.15,62.040001,39.240002,27.42,23.059999,2019,9,36,4,21,26177
2021-09-04 22:00:00,0.0,39.85442,0.0,52.25,75.667503,19.299999,0.0,8.15,62.040001,39.240002,27.42,23.059999,2019,9,36,4,22,26178
2021-09-04 23:00:00,0.0,39.513676,0.0,48.5,71.709999,11.9,0.0,8.15,62.040001,39.240002,27.42,23.059999,2019,9,36,4,23,26179
2021-09-05 00:00:00,0.0,51.870705,0.0,48.5,75.222504,11.9,0.0,4.16,68.889999,30.27,26.67,24.040001,2019,9,36,5,0,26180
2021-09-05 01:00:00,0.0,43.007828,0.0,34.75,75.527496,12.0,0.0,4.16,68.889999,30.27,26.67,24.040001,2019,9,36,5,1,26181
2021-09-05 02:00:00,0.0,48.802723,0.0,42.5,79.002502,11.9,0.0,4.16,68.889999,30.27,26.67,24.040001,2019,9,36,5,2,26182
2021-09-05 03:00:00,0.0,39.201302,0.0,42.75,77.902496,12.0,0.0,4.16,68.889999,30.27,26.67,24.040001,2019,9,36,5,3,26183
2021-09-05 04:00:00,0.0,47.865276,0.0,37.0,76.592499,12.0,0.0,4.16,68.889999,30.27,26.67,24.040001,2019,9,36,5,4,26184
2021-09-05 05:00:00,0.0,50.166023,0.0,32.25,77.447502,11.7,0.0,4.16,68.889999,30.27,26.67,24.040001,2019,9,36,5,5,26185
2021-09-05 06:00:00,0.0,40.962402,0.0,45.75,75.400002,11.8,0.0,4.16,68.889999,30.27,26.67,24.040001,2019,9,36,5,6,26186
2021-09-05 07:00:00,0.0,48.23439,0.0,57.0,76.214996,12.0,0.0,4.16,68.889999,30.27,26.67,24.040001,2019,9,36,5,7,26187
2021-09-05 08:00:00,0.0,53.688541,0.0,82.25,75.252502,12.0,0.0,4.16,68.889999,30.27,26.67,24.040001,2019,9,36,5,8,26188
2021-09-05 09:00:00,0.0,53.631805,0.0,78.75,72.222504,22.1,0.0,4.16,68.889999,30.27,26.67,24.040001,2019,9,36,5,9,26189
2021-09-05 10:00:00,0.0,54.569252,0.0,84.5,71.6175,90.400002,0.0,4.16,68.889999,30.27,26.67,24.040001,2019,9,36,5,10,26190
2021-09-05 11:00:00,0.0,43.774742,0.0,38.5,72.032501,145.100006,0.0,4.16,68.889999,30.27,26.67,24.040001,2019,9,36,5,11,26191
2021-09-05 00:00:00,0.0,46.785667,0.0,99.25,71.612503,423.5,0.0,4.16,68.889999,30.27,26.67,24.040001,2019,9,36,5,12,26192
2021-09-05 13:00:00,0.0,36.388958,0.0,99.25,68.675003,649.400024,0.0,4.16,68.889999,30.27,26.67,24.040001,2019,9,36,5,13,26193
2021-09-05 14:00:00,0.0,27.980619,0.0,99.25,67.945,685.700012,0.0,4.16,68.889999,30.27,26.67,24.040001,2019,9,36,5,14,26194
2021-09-05 15:00:00,0.0,4.346173,0.0,96.0,65.059998,938.0,0.0,4.16,68.889999,30.27,26.67,24.040001,2019,9,36,5,15,26195
2021-09-05 16:00:00,0.0,0.0,0.0,88.75,63.817501,1060.099976,0.0,4.16,68.889999,30.27,26.67,24.040001,2019,9,36,5,16,26196
2021-09-05 17:00:00,0.0,0.0,0.0,84.5,67.709999,838.099976,0.0,4.16,68.889999,30.27,26.67,24.040001,2019,9,36,5,17,26197
2021-09-05 18:00:00,0.0,27.724981,0.0,72.25,65.57,431.200012,0.0,4.16,68.889999,30.27,26.67,24.040001,2019,9,36,5,18,26198
2021-09-05 19:00:00,0.0,19.259586,0.0,62.75,71.014999,245.899994,0.0,4.16,68.889999,30.27,26.67,24.040001,2019,9,36,5,19,26199
2021-09-05 20:00:00,0.0,32.667538,0.0,60.75,70.457497,134.300003,0.0,4.16,68.889999,30.27,26.67,24.040001,2019,9,36,5,20,26200
2021-09-05 21:00:00,0.0,31.701721,0.0,57.0,73.230003,83.599998,0.0,4.16,68.889999,30.27,26.67,24.040001,2019,9,36,5,21,26201
2021-09-05 22:00:00,0.0,37.43988,0.0,50.75,76.614998,13.0,0.0,4.16,68.889999,30.27,26.67,24.040001,2019,9,36,5,22,26202
2021-09-05 23:00:00,0.0,40.678394,0.0,53.25,77.452499,11.8,0.0,4.16,68.889999,30.27,26.67,24.040001,2019,9,36,5,23,26203
2021-09-06 00:00:00,0.0,38.97403,0.0,48.0,73.82,11.9,0.0,5.13,72.889999,32.049999,26.870001,24.209999,2019,9,36,6,0,26204
2021-09-06 01:00:00,0.0,48.7173,0.0,39.75,71.449997,11.7,0.0,5.13,72.889999,32.049999,26.870001,24.209999,2019,9,36,6,1,26205
2021-09-06 02:00:00,0.0,37.780945,0.0,42.25,72.379997,11.7,0.0,5.13,72.889999,32.049999,26.870001,24.209999,2019,9,36,6,2,26206
2021-09-06 03:00:00,0.0,47.950382,0.0,44.0,72.947502,11.9,0.0,5.13,72.889999,32.049999,26.870001,24.209999,2019,9,36,6,3,26207
2021-09-06 04:00:00,0.0,41.21804,0.0,33.75,76.184998,11.7,0.0,5.13,72.889999,32.049999,26.870001,24.209999,2019,9,36,6,4,26208
2021-09-06 05:00:00,0.0,45.280205,0.0,37.75,73.815002,11.8,0.0,5.13,72.889999,32.049999,26.870001,24.209999,2019,9,36,6,5,26209
2021-09-06 06:00:00,0.0,48.461662,0.0,54.0,72.525002,11.9,0.0,5.13,72.889999,32.049999,26.870001,24.209999,2019,9,36,6,6,26210
2021-09-06 07:00:00,0.0,42.979141,0.0,62.25,71.125,11.7,0.0,5.13,72.889999,32.049999,26.870001,24.209999,2019,9,36,6,7,26211
2021-09-06 08:00:00,0.0,53.688541,0.0,75.75,71.535004,11.9,0.0,5.13,72.889999,32.049999,26.870001,24.209999,2019,9,36,6,8,26212
2021-09-06 09:00:00,0.0,54.256878,0.0,83.0,68.120003,14.9,0.0,5.13,72.889999,32.049999,26.870001,24.209999,2019,9,36,6,9,26213
2021-09-06 10:00:00,0.0,51.046734,0.0,87.25,66.752502,60.799999,0.0,5.13,72.889999,32.049999,26.870001,24.209999,2019,9,36,6,10,26214
2021-09-06 11:00:00,0.0,40.451122,0.0,44.0,62.522499,175.199997,0.0,5.13,72.889999,32.049999,26.870001,24.209999,2019,9,36,6,11,26215
2021-09-06 00:00:00,0.0,51.046734,0.0,95.0,60.557499,374.700012,0.0,5.13,72.889999,32.049999,26.870001,24.209999,2019,9,36,6,12,26216
2021-09-06 13:00:00,0.0,33.775517,0.0,99.25,60.259998,601.400024,0.0,5.13,72.889999,32.049999,26.870001,24.209999,2019,9,36,6,13,26217
2021-09-06 14:00:00,0.0,8.124331,0.0,97.25,63.342499,806.799988,0.0,5.13,72.889999,32.049999,26.870001,24.209999,2019,9,36,6,14,26218
2021-09-06 15:00:00,0.0,0.0,0.0,83.0,62.482498,963.900024,0.0,5.13,72.889999,32.049999,26.870001,24.209999,2019,9,36,6,15,26219
2021-09-06 16:00:00,0.0,0.0,0.0,69.25,63.5825,1041.699951,0.0,5.13,72.889999,32.049999,26.870001,24.209999,2019,9,36,6,16,26220
2021-09-06 17:00:00,0.0,0.0,0.0,73.0,65.967499,1023.5,0.0,5.13,72.889999,32.049999,26.870001,24.209999,2019,9,36,6,17,26221
2021-09-06 18:00:00,0.0,0.0,0.0,73.75,65.877502,910.299988,0.0,5.13,72.889999,32.049999,26.870001,24.209999,2019,9,36,6,18,26222
2021-09-06 19:00:00,0.0,0.0,0.0,69.75,65.792503,716.0,0.0,5.13,72.889999,32.049999,26.870001,24.209999,2019,9,36,6,19,26223
2021-09-06 20:00:00,0.0,2.897449,0.0,65.0,66.285004,458.299988,0.0,5.13,72.889999,32.049999,26.870001,24.209999,2019,9,36,6,20,26224
2021-09-06 21:00:00,0.0,40.366016,0.0,61.0,66.125,180.0,0.0,5.13,72.889999,32.049999,26.870001,24.209999,2019,9,36,6,21,26225
2021-09-06 22:00:00,0.0,24.486469,0.0,56.5,70.297501,20.0,0.0,5.13,72.889999,32.049999,26.870001,24.209999,2019,9,36,6,22,26226
2021-09-06 23:00:00,0.0,30.281366,0.0,55.75,73.544998,12.0,0.0,5.13,72.889999,32.049999,26.870001,24.209999,2019,9,36,6,23,26227
2021-09-07 00:00:00,0.0,36.729702,0.0,55.5,75.730003,12.0,0.0,9.2,68.209999,39.029999,27.58,25.360001,2019,9,36,7,0,26228
2021-09-07 01:00:00,0.0,38.632969,0.0,30.25,71.690002,11.9,0.0,9.2,68.209999,39.029999,27.58,25.360001,2019,9,36,7,1,26229
2021-09-07 02:00:00,0.0,41.530415,0.0,44.75,72.160004,11.8,0.0,9.2,68.209999,39.029999,27.58,25.360001,2019,9,36,7,2,26230
2021-09-07 03:00:00,0.0,40.053322,0.0,44.0,71.535004,12.0,0.0,9.2,68.209999,39.029999,27.58,25.360001,2019,9,36,7,3,26231
2021-09-07 04:00:00,0.0,41.871479,0.0,31.75,73.122498,11.9,0.0,9.2,68.209999,39.029999,27.58,25.360001,2019,9,36,7,4,26232
2021-09-07 05:00:00,0.0,44.428185,0.0,31.5,74.690002,11.6,0.0,9.2,68.209999,39.029999,27.58,25.360001,2019,9,36,7,5,26233
2021-09-07 06:00:00,0.0,43.235096,0.0,36.0,76.959999,11.9,0.0,9.2,68.209999,39.029999,27.58,25.360001,2019,9,36,7,6,26234
2021-09-07 07:00:00,0.0,43.63258,0.0,43.75,77.832497,11.9,0.0,9.2,68.209999,39.029999,27.58,25.360001,2019,9,36,7,7,26235
2021-09-07 08:00:00,0.0,46.331127,0.0,51.5,75.282501,11.6,0.0,9.2,68.209999,39.029999,27.58,25.360001,2019,9,36,7,8,26236
2021-09-07 09:00:00,0.0,50.19471,0.0,57.75,68.417503,11.9,0.0,9.2,68.209999,39.029999,27.58,25.360001,2019,9,36,7,9,26237
2021-09-07 10:00:00,0.0,51.756912,0.0,60.0,64.472504,31.0,0.0,9.2,68.209999,39.029999,27.58,25.360001,2019,9,36,7,10,26238
2021-09-07 11:00:00,0.0,36.644596,0.0,44.25,64.122498,113.699997,0.0,9.2,68.209999,39.029999,27.58,25.360001,2019,9,36,7,11,26239
2021-09-07 00:00:00,0.0,40.650024,0.0,62.25,62.455002,282.600006,0.0,9.2,68.209999,39.029999,27.58,25.360001,2019,9,36,7,12,26240
2021-09-07 13:00:00,0.0,46.728928,0.0,60.75,60.3675,476.700012,0.0,9.2,68.209999,39.029999,27.58,25.360001,2019,9,36,7,13,26241
2021-09-07 14:00:00,0.0,15.87923,44.967865,63.0,59.404999,434.5,0.0,9.2,68.209999,39.029999,27.58,25.360001,2019,9,36,7,14,26242
2021-09-07 15:00:00,0.0,1.448724,38.661381,61.75,57.945,546.799988,0.0,9.2,68.209999,39.029999,27.58,25.360001,2019,9,36,7,15,26243
2021-09-07 16:00:00,0.0,0.0,25.083143,62.0,60.205002,535.700012,0.0,9.2,68.209999,39.029999,27.58,25.360001,2019,9,36,7,16,26244
2021-09-07 17:00:00,0.0,0.0,19.856344,59.25,62.372501,626.5,0.0,9.2,68.209999,39.029999,27.58,25.360001,2019,9,36,7,17,26245
2021-09-07 18:00:00,0.0,0.0,26.560333,59.5,63.77,466.399994,0.0,9.2,68.209999,39.029999,27.58,25.360001,2019,9,36,7,18,26246
2021-09-07 19:00:00,0.0,0.0,33.178963,58.25,65.262497,441.299988,0.0,9.2,68.209999,39.029999,27.58,25.360001,2019,9,36,7,19,26247
2021-09-07 20:00:00,0.0,0.0,32.326748,55.75,71.945,310.0,0.0,9.2,68.209999,39.029999,27.58,25.360001,2019,9,36,7,20,26248
2021-09-07 21:00:00,0.0,0.0,36.672955,44.5,75.427498,200.0,0.0,9.2,68.209999,39.029999,27.58,25.360001,2019,9,36,7,21,26249
2021-09-07 22:00:00,0.0,0.0,39.513596,50.75,76.422501,17.0,0.0,9.2,68.209999,39.029999,27.58,25.360001,2019,9,36,7,22,26250
2021-09-07 23:00:00,0.0,0.0,38.945602,50.5,76.900002,11.7,0.0,9.2,68.209999,39.029999,27.58,25.360001,2019,9,36,7,23,26251
2021-09-08 00:00:00,0.0,0.0,46.72905,39.5,77.705002,11.6,0.0,4.62,69.089996,32.139999,26.690001,23.1,2019,9,36,8,0,26252
2021-09-08 01:00:00,0.0,0.0,43.547432,38.0,74.572502,11.7,0.0,4.62,69.089996,32.139999,26.690001,23.1,2019,9,36,8,1,26253
2021-09-08 02:00:00,0.0,0.0,47.581264,43.75,71.025002,11.6,0.0,4.62,69.089996,32.139999,26.690001,23.1,2019,9,36,8,2,26254
2021-09-08 03:00:00,0.0,0.0,44.769001,32.0,74.247498,11.6,0.0,4.62,69.089996,32.139999,26.690001,23.1,2019,9,36,8,3,26255
2021-09-08 04:00:00,0.0,0.0,46.160831,39.5,73.697502,12.0,0.0,4.62,69.089996,32.139999,26.690001,23.1,2019,9,36,8,4,26256
2021-09-08 05:00:00,0.0,0.0,42.97921,33.0,68.535004,11.7,0.0,4.62,69.089996,32.139999,26.690001,23.1,2019,9,36,8,5,26257
2021-09-08 06:00:00,0.0,0.0,48.461857,36.25,66.555,11.6,0.0,4.62,69.089996,32.139999,26.690001,23.1,2019,9,36,8,6,26258
2021-09-08 07:00:00,0.0,0.0,50.762657,46.5,66.6175,11.7,0.0,4.62,69.089996,32.139999,26.690001,23.1,2019,9,36,8,7,26259
2021-09-08 08:00:00,0.0,0.0,48.490234,46.5,69.885002,11.8,0.0,4.62,69.089996,32.139999,26.690001,23.1,2019,9,36,8,8,26260
2021-09-08 09:00:00,0.0,0.0,54.228271,49.0,69.07,11.8,0.0,4.62,69.089996,32.139999,26.690001,23.1,2019,9,36,8,9,26261
2021-09-08 10:00:00,0.0,0.0,51.359253,53.0,66.230003,23.1,0.0,4.62,69.089996,32.139999,26.690001,23.1,2019,9,36,8,10,26262
2021-09-08 11:00:00,0.0,0.0,38.121765,39.5,63.025002,71.0,0.0,4.62,69.089996,32.139999,26.690001,23.1,2019,9,36,8,11,26263
2021-09-08 00:00:00,0.0,0.0,49.598068,52.0,59.98,173.300003,0.0,4.62,69.089996,32.139999,26.690001,23.1,2019,9,36,8,12,26264
2021-09-08 13:00:00,0.0,0.0,50.166061,54.75,55.724998,229.399994,0.0,4.62,69.089996,32.139999,26.690001,23.1,2019,9,36,8,13,26265
2021-09-08 14:00:00,0.0,0.0,48.206009,57.75,53.552502,264.600006,0.0,4.62,69.089996,32.139999,26.690001,23.1,2019,9,36,8,14,26266
2021-09-08 15:00:00,0.0,0.0,27.440926,58.25,54.5,389.5,0.0,4.62,69.089996,32.139999,26.690001,23.1,2019,9,36,8,15,26267
2021-09-08 16:00:00,0.0,0.0,16.134882,60.75,55.099998,738.0,0.0,4.62,69.089996,32.139999,26.690001,23.1,2019,9,36,8,16,26268
2021-09-08 17:00:00,0.0,0.0,5.766642,59.75,51.924999,765.5,0.0,4.62,69.089996,32.139999,26.690001,23.1,2019,9,36,8,17,26269
2021-09-08 18:00:00,0.0,0.0,7.215226,55.25,54.195,803.799988,0.0,4.62,69.089996,32.139999,26.690001,23.1,2019,9,36,8,18,26270
2021-09-08 19:00:00,0.0,0.0,29.713346,54.5,56.355,624.200012,0.0,4.62,69.089996,32.139999,26.690001,23.1,2019,9,36,8,19,26271
2021-09-08 20:00:00,0.0,0.0,31.701773,54.0,60.09,314.200012,0.0,4.62,69.089996,32.139999,26.690001,23.1,2019,9,36,8,20,26272
2021-09-08 21:00:00,0.0,0.0,38.689987,45.0,66.699997,124.5,0.0,4.62,69.089996,32.139999,26.690001,23.1,2019,9,36,8,21,26273
2021-09-08 22:00:00,0.0,0.0,36.928574,53.75,70.889999,25.0,0.0,4.62,69.089996,32.139999,26.690001,23.1,2019,9,36,8,22,26274
2021-09-08 23:00:00,0.0,0.0,40.990784,44.75,66.959999,11.9,0.0,4.62,69.089996,32.139999,26.690001,23.1,2019,9,36,8,23,26275
2021-09-09 00:00:00,0.0,0.0,42.97921,33.0,66.519997,11.9,0.0,6.92,64.489998,35.900002,27.0,23.950001,2019,9,37,9,0,26276
2021-09-09 01:00:00,0.0,0.0,45.02462,32.5,66.027496,11.9,0.0,6.92,64.489998,35.900002,27.0,23.950001,2019,9,37,9,1,26277
2021-09-09 02:00:00,0.0,0.0,42.695213,38.25,71.122498,11.9,0.0,6.92,64.489998,35.900002,27.0,23.950001,2019,9,37,9,2,26278
2021-09-09 03:00:00,0.0,0.0,48.461857,24.0,71.427498,11.8,0.0,6.92,64.489998,35.900002,27.0,23.950001,2019,9,37,9,3,26279
2021-09-09 04:00:00,0.0,0.0,42.950832,28.0,68.327499,11.9,0.0,6.92,64.489998,35.900002,27.0,23.950001,2019,9,37,9,4,26280
2021-09-09 05:00:00,0.0,0.0,45.905212,26.5,67.610001,11.8,0.0,6.92,64.489998,35.900002,27.0,23.950001,2019,9,37,9,5,26281
2021-09-09 06:00:00,0.0,0.0,46.189205,30.25,68.550003,11.8,0.0,6.92,64.489998,35.900002,27.0,23.950001,2019,9,37,9,6,26282
2021-09-09 07:00:00,0.0,0.0,51.614872,39.25,69.032501,11.9,0.0,6.92,64.489998,35.900002,27.0,23.950001,2019,9,37,9,7,26283
2021-09-09 08:00:00,0.0,0.0,49.314072,51.25,68.389999,11.8,0.0,6.92,64.489998,35.900002,27.0,23.950001,2019,9,37,9,8,26284
2021-09-09 09:00:00,0.0,0.0,49.938816,67.75,66.230003,11.9,0.0,6.92,64.489998,35.900002,27.0,23.950001,2019,9,37,9,9,26285
2021-09-09 10:00:00,0.0,0.0,58.830097,70.5,58.827499,33.599998,0.0,6.92,64.489998,35.900002,27.0,23.950001,2019,9,37,9,10,26286
2021-09-09 11:00:00,0.0,0.0,40.394188,38.25,63.552502,98.300003,0.0,6.92,64.489998,35.900002,27.0,23.950001,2019,9,37,9,11,26287
2021-09-09 00:00:00,0.0,0.0,44.399647,82.75,61.4175,273.600006,0.0,6.92,64.489998,35.900002,27.0,23.950001,2019,9,37,9,12,26288
2021-09-09 13:00:00,0.0,0.0,35.536743,88.25,60.412498,501.700012,0.0,6.92,64.489998,35.900002,27.0,23.950001,2019,9,37,9,13,26289
2021-09-09 14:00:00,0.0,0.0,12.953491,98.5,60.2225,722.5,0.0,6.92,64.489998,35.900002,27.0,23.950001,2019,9,37,9,14,26290
2021-09-09 15:00:00,0.0,0.0,0.0,85.5,59.695,899.099976,0.0,6.92,64.489998,35.900002,27.0,23.950001,2019,9,37,9,15,26291
2021-09-09 16:00:00,0.0,0.0,0.0,78.75,56.092499,1010.599976,0.0,6.92,64.489998,35.900002,27.0,23.950001,2019,9,37,9,16,26292
2021-09-09 17:00:00,0.0,0.0,0.0,68.75,58.877499,883.5,0.0,6.92,64.489998,35.900002,27.0,23.950001,2019,9,37,9,17,26293
2021-09-09 18:00:00,0.0,0.0,0.0,65.75,61.1325,842.400024,0.0,6.92,64.489998,35.900002,27.0,23.950001,2019,9,37,9,18,26294
2021-09-09 19:00:00,0.0,0.0,37.241173,62.5,65.089996,412.799988,0.0,6.92,64.489998,35.900002,27.0,23.950001,2019,9,37,9,19,26295
2021-09-09 20:00:00,0.0,0.0,18.464287,57.5,65.662498,551.599976,0.0,6.92,64.489998,35.900002,27.0,23.950001,2019,9,37,9,20,26296
2021-09-09 21:00:00,0.0,0.0,39.826199,54.75,66.894997,294.200012,0.0,6.92,64.489998,35.900002,27.0,23.950001,2019,9,37,9,21,26297
2021-09-09 22:00:00,0.0,0.0,33.434582,42.25,65.949997,95.599998,0.0,6.92,64.489998,35.900002,27.0,23.950001,2019,9,37,9,22,26298
2021-09-09 23:00:00,0.0,0.0,34.315174,49.0,68.495003,16.1,0.0,6.92,64.489998,35.900002,27.0,23.950001,2019,9,37,9,23,26299
2021-09-10 00:00:00,0.0,0.0,53.631676,30.25,70.082497,11.6,0.0,6.6,65.110001,36.689999,26.02,22.0,2019,9,37,10,0,26300
2021-09-10 01:00:00,0.0,0.0,44.144028,31.25,72.370003,11.7,0.0,6.6,65.110001,36.689999,26.02,22.0,2019,9,37,10,1,26301
2021-09-10 02:00:00,0.0,0.0,46.444824,41.75,74.18,11.6,0.0,6.6,65.110001,36.689999,26.02,22.0,2019,9,37,10,2,26302
2021-09-10 03:00:00,0.0,0.0,43.575806,31.25,73.730003,11.7,0.0,6.6,65.110001,36.689999,26.02,22.0,2019,9,37,10,3,26303
2021-09-10 04:00:00,0.0,0.0,47.297043,30.75,72.0,11.8,0.0,6.6,65.110001,36.689999,26.02,22.0,2019,9,37,10,4,26304
2021-09-10 05:00:00,0.0,0.0,40.394188,31.25,64.232498,11.6,0.0,6.6,65.110001,36.689999,26.02,22.0,2019,9,37,10,5,26305
2021-09-10 06:00:00,0.0,0.0,53.09206,37.5,51.345001,11.6,0.0,6.6,65.110001,36.689999,26.02,22.0,2019,9,37,10,6,26306
2021-09-10 07:00:00,0.0,0.0,51.64325,40.25,37.587502,11.7,0.0,6.6,65.110001,36.689999,26.02,22.0,2019,9,37,10,7,26307
2021-09-10 08:00:00,0.0,0.0,49.626446,47.0,33.967499,11.7,0.0,6.6,65.110001,36.689999,26.02,22.0,2019,9,37,10,8,26308
2021-09-10 09:00:00,0.0,0.0,55.648708,59.25,36.502499,11.7,0.0,6.6,65.110001,36.689999,26.02,22.0,2019,9,37,10,9,26309
2021-09-10 10:00:00,0.0,0.0,53.120438,59.5,31.385,14.8,0.0,6.6,65.110001,36.689999,26.02,22.0,2019,9,37,10,10,26310
2021-09-10 11:00:00,0.0,0.0,38.633003,39.5,32.720001,47.400002,0.0,6.6,65.110001,36.689999,26.02,22.0,2019,9,37,10,11,26311
2021-09-10 00:00:00,0.0,0.0,47.069798,63.0,31.93,241.399994,0.0,6.6,65.110001,36.689999,26.02,22.0,2019,9,37,10,12,26312
2021-09-10 13:00:00,0.0,0.0,34.087933,66.25,37.404999,409.0,0.0,6.6,65.110001,36.689999,26.02,22.0,2019,9,37,10,13,26313
2021-09-10 14:00:00,0.0,0.0,13.805707,64.75,37.7425,676.200012,0.0,6.6,65.110001,36.689999,26.02,22.0,2019,9,37,10,14,26314
2021-09-10 15:00:00,0.0,0.0,0.0,62.5,34.337502,824.799988,0.0,6.6,65.110001,36.689999,26.02,22.0,2019,9,37,10,15,26315
2021-09-10 16:00:00,0.0,0.0,0.0,60.75,34.544998,1004.799988,0.0,6.6,65.110001,36.689999,26.02,22.0,2019,9,37,10,16,26316
2021-09-10 17:00:00,0.0,0.0,0.0,62.25,34.1525,1086.5,0.0,6.6,65.110001,36.689999,26.02,22.0,2019,9,37,10,17,26317
2021-09-10 18:00:00,0.0,0.0,0.0,58.25,31.1,1050.199951,0.0,6.6,65.110001,36.689999,26.02,22.0,2019,9,37,10,18,26318
2021-09-10 19:00:00,0.0,0.0,0.0,59.0,28.372499,944.700012,0.0,6.6,65.110001,36.689999,26.02,22.0,2019,9,37,10,19,26319
2021-09-10 20:00:00,0.0,0.0,38.689987,56.0,27.27,595.799988,0.0,6.6,65.110001,36.689999,26.02,22.0,2019,9,37,10,20,26320
2021-09-10 21:00:00,0.0,0.0,25.963736,45.25,27.17,480.100006,0.0,6.6,65.110001,36.689999,26.02,22.0,2019,9,37,10,21,26321
2021-09-10 22:00:00,0.0,0.0,37.212795,36.25,29.549999,264.399994,0.0,6.6,65.110001,36.689999,26.02,22.0,2019,9,37,10,22,26322
2021-09-10 23:00:00,0.0,0.0,33.462959,36.0,29.692499,65.099998,0.0,6.6,65.110001,36.689999,26.02,22.0,2019,9,37,10,23,26323
2021-09-11 00:00:00,0.0,0.0,33.434582,31.0,28.7075,12.0,0.0,6.21,43.09,35.689999,25.969999,22.440001,2019,9,37,11,0,26324
2021-09-11 01:00:00,0.0,0.0,40.934032,28.75,30.764999,12.0,0.0,6.21,43.09,35.689999,25.969999,22.440001,2019,9,37,11,1,26325
2021-09-11 02:00:00,0.0,0.0,39.541973,30.75,35.014999,12.0,0.0,6.21,43.09,35.689999,25.969999,22.440001,2019,9,37,11,2,26326
2021-09-11 03:00:00,0.0,0.0,49.342449,23.5,39.077499,11.9,0.0,6.21,43.09,35.689999,25.969999,22.440001,2019,9,37,11,3,26327
2021-09-11 04:00:00,0.0,0.0,45.848457,24.25,37.997501,11.8,0.0,6.21,43.09,35.689999,25.969999,22.440001,2019,9,37,11,4,26328
2021-09-11 05:00:00,0.0,0.0,41.559006,22.25,40.02,11.9,0.0,6.21,43.09,35.689999,25.969999,22.440001,2019,9,37,11,5,26329
2021-09-11 06:00:00,0.0,0.0,65.505707,28.75,41.27,11.9,0.0,6.21,43.09,35.689999,25.969999,22.440001,2019,9,37,11,6,26330
2021-09-11 07:00:00,0.0,0.0,86.867622,29.25,41.360001,11.8,0.0,6.21,43.09,35.689999,25.969999,22.440001,2019,9,37,11,7,26331
2021-09-11 08:00:00,0.0,0.0,92.861504,35.25,41.357498,11.6,0.0,6.21,43.09,35.689999,25.969999,22.440001,2019,9,37,11,8,26332
2021-09-11 09:00:00,0.0,0.0,80.816978,49.25,42.764999,11.7,0.0,6.21,43.09,35.689999,25.969999,22.440001,2019,9,37,11,9,26333
2021-09-11 10:00:00,0.0,0.0,68.630577,58.0,39.467499,11.9,0.0,6.21,43.09,35.689999,25.969999,22.440001,2019,9,37,11,10,26334
2021-09-11 11:00:00,0.0,0.0,42.467972,32.5,35.685001,35.299999,0.0,6.21,43.09,35.689999,25.969999,22.440001,2019,9,37,11,11,26335
2021-09-11 00:00:00,0.0,0.0,38.320629,54.5,33.305,97.400002,0.0,6.21,43.09,35.689999,25.969999,22.440001,2019,9,37,11,12,26336
2021-09-11 13:00:00,0.0,0.0,12.101276,67.75,37.535,293.899994,0.0,6.21,43.09,35.689999,25.969999,22.440001,2019,9,37,11,13,26337
2021-09-11 14:00:00,0.0,0.0,0.0,63.25,45.924999,584.099976,0.0,6.21,43.09,35.689999,25.969999,22.440001,2019,9,37,11,14,26338
2021-09-11 15:00:00,0.0,0.0,0.0,47.0,53.950001,469.799988,0.0,6.21,43.09,35.689999,25.969999,22.440001,2019,9,37,11,15,26339
2021-09-11 16:00:00,0.0,0.0,31.758755,48.0,50.6675,1017.299988,0.0,6.21,43.09,35.689999,25.969999,22.440001,2019,9,37,11,16,26340
2021-09-11 17:00:00,0.0,0.0,35.792362,46.25,49.3125,854.5,0.0,6.21,43.09,35.689999,25.969999,22.440001,2019,9,37,11,17,26341
2021-09-11 18:00:00,0.0,0.0,40.990784,42.0,49.512501,156.899994,0.0,6.21,43.09,35.689999,25.969999,22.440001,2019,9,37,11,18,26342
2021-09-11 19:00:00,0.0,0.0,43.831425,38.0,54.82,142.100006,0.0,6.21,43.09,35.689999,25.969999,22.440001,2019,9,37,11,19,26343
2021-09-11 20:00:00,0.0,0.0,44.399647,43.0,56.985001,655.099976,0.0,6.21,43.09,35.689999,25.969999,22.440001,2019,9,37,11,20,26344
2021-09-11 21:00:00,0.0,0.0,47.354023,35.5,57.9175,359.799988,0.0,6.21,43.09,35.689999,25.969999,22.440001,2019,9,37,11,21,26345
2021-09-11 22:00:00,0.0,0.0,44.996243,31.0,59.575001,275.700012,0.0,6.21,43.09,35.689999,25.969999,22.440001,2019,9,37,11,22,26346
2021-09-11 23:00:00,0.0,0.0,51.64325,28.25,68.067497,54.900002,0.0,6.21,43.09,35.689999,25.969999,22.440001,2019,9,37,11,23,26347
2021-09-12 00:00:00,52.239979,0.0,0.0,26.5,67.837502,11.8,0.0,3.31,44.93,30.469999,24.200001,21.290001,2019,9,37,12,0,26348
2021-09-12 01:00:00,0.0,0.0,43.320187,22.25,59.860001,11.6,0.0,3.31,44.93,30.469999,24.200001,21.290001,2019,9,37,12,1,26349
2021-09-12 02:00:00,0.0,0.0,48.433479,22.5,66.419998,11.8,0.0,3.31,44.93,30.469999,24.200001,21.290001,2019,9,37,12,2,26350
2021-09-12 03:00:00,0.0,0.0,49.910442,17.0,69.542503,11.7,0.0,3.31,44.93,30.469999,24.200001,21.290001,2019,9,37,12,3,26351
2021-09-12 04:00:00,4.033629,0.0,39.826199,21.25,71.839996,11.6,0.0,3.31,44.93,30.469999,24.200001,21.290001,2019,9,37,12,4,26352
2021-09-12 05:00:00,47.609535,0.0,15.311272,24.25,66.237503,11.6,0.0,3.31,44.93,30.469999,24.200001,21.290001,2019,9,37,12,5,26353
2021-09-12 06:00:00,46.700428,0.0,0.0,17.75,69.422501,11.6,0.0,3.31,44.93,30.469999,24.200001,21.290001,2019,9,37,12,6,26354
2021-09-12 07:00:00,52.296722,0.0,0.0,33.75,73.922501,11.6,0.0,3.31,44.93,30.469999,24.200001,21.290001,2019,9,37,12,7,26355
2021-09-12 08:00:00,51.586418,0.0,0.0,30.0,71.620003,11.7,0.0,3.31,44.93,30.469999,24.200001,21.290001,2019,9,37,12,8,26356
2021-09-12 09:00:00,56.870018,0.0,0.0,34.25,70.432503,11.7,0.0,3.31,44.93,30.469999,24.200001,21.290001,2019,9,37,12,9,26357
2021-09-12 10:00:00,52.466953,0.0,0.0,49.25,68.510002,11.7,0.0,3.31,44.93,30.469999,24.200001,21.290001,2019,9,37,12,10,26358
2021-09-12 11:00:00,0.0,0.0,50.194664,24.5,59.692501,37.5,0.0,3.31,44.93,30.469999,24.200001,21.290001,2019,9,37,12,11,26359
2021-09-12 00:00:00,0.0,0.0,43.547432,45.0,63.892502,109.599998,0.0,3.31,44.93,30.469999,24.200001,21.290001,2019,9,37,12,12,26360
2021-09-12 13:00:00,53.376057,0.0,0.0,54.0,63.1175,378.100006,0.0,3.31,44.93,30.469999,24.200001,21.290001,2019,9,37,12,13,26361
2021-09-12 14:00:00,55.364502,0.0,0.0,53.75,61.887501,426.299988,0.0,3.31,44.93,30.469999,24.200001,21.290001,2019,9,37,12,14,26362
2021-09-12 15:00:00,45.905212,0.0,0.0,54.25,58.787498,459.700012,0.0,3.31,44.93,30.469999,24.200001,21.290001,2019,9,37,12,15,26363
2021-09-12 16:00:00,39.769253,0.0,0.0,50.5,58.522499,340.899994,0.0,3.31,44.93,30.469999,24.200001,21.290001,2019,9,37,12,16,26364
2021-09-12 17:00:00,22.58317,0.0,0.0,41.25,61.802502,499.600006,0.0,3.31,44.93,30.469999,24.200001,21.290001,2019,9,37,12,17,26365
2021-09-12 18:00:00,32.553955,0.0,0.0,43.25,61.014999,818.700012,0.0,3.31,44.93,30.469999,24.200001,21.290001,2019,9,37,12,18,26366
2021-09-12 19:00:00,28.349691,0.0,0.0,44.0,64.260002,677.099976,0.0,3.31,44.93,30.469999,24.200001,21.290001,2019,9,37,12,19,26367
2021-09-12 20:00:00,35.678879,0.0,0.0,37.25,65.942497,288.799988,0.0,3.31,44.93,30.469999,24.200001,21.290001,2019,9,37,12,20,26368
2021-09-12 21:00:00,46.217503,0.0,0.0,20.0,68.529999,305.5,0.0,3.31,44.93,30.469999,24.200001,21.290001,2019,9,37,12,21,26369
2021-09-12 22:00:00,41.558891,0.0,0.0,34.0,68.512497,37.900002,0.0,3.31,44.93,30.469999,24.200001,21.290001,2019,9,37,12,22,26370
2021-09-12 23:00:00,50.166218,0.0,0.0,32.75,70.862503,12.9,0.0,3.31,44.93,30.469999,24.200001,21.290001,2019,9,37,12,23,26371
2021-09-13 00:00:00,39.825996,0.0,0.0,23.0,73.010002,12.0,0.0,4.69,65.980003,34.369999,23.440001,19.0,2019,9,37,13,0,26372
2021-09-13 01:00:00,40.394238,0.0,0.0,14.5,75.4925,11.9,0.0,4.69,65.980003,34.369999,23.440001,19.0,2019,9,37,13,1,26373
2021-09-13 02:00:00,50.365025,0.0,0.0,21.75,73.822502,11.8,0.0,4.69,65.980003,34.369999,23.440001,19.0,2019,9,37,13,2,26374
2021-09-13 03:00:00,49.115051,0.0,0.0,22.5,73.477501,11.7,0.0,4.69,65.980003,34.369999,23.440001,19.0,2019,9,37,13,3,26375
2021-09-13 04:00:00,42.638226,0.0,0.0,20.75,72.267502,11.8,0.0,4.69,65.980003,34.369999,23.440001,19.0,2019,9,37,13,4,26376
2021-09-13 05:00:00,50.847946,0.0,0.0,23.25,73.055,11.8,0.0,4.69,65.980003,34.369999,23.440001,19.0,2019,9,37,13,5,26377
2021-09-13 06:00:00,42.09856,0.0,0.0,23.0,71.427498,11.7,0.0,4.69,65.980003,34.369999,23.440001,19.0,2019,9,37,13,6,26378
2021-09-13 07:00:00,52.779648,0.0,0.0,27.0,79.205002,11.8,0.0,4.69,65.980003,34.369999,23.440001,19.0,2019,9,37,13,7,26379
2021-09-13 08:00:00,57.722382,0.0,0.0,31.0,79.485001,11.7,0.0,4.69,65.980003,34.369999,23.440001,19.0,2019,9,37,13,8,26380
2021-09-13 09:00:00,57.466831,0.0,0.0,49.25,73.925003,11.8,0.0,4.69,65.980003,34.369999,23.440001,19.0,2019,9,37,13,9,26381
2021-09-13 10:00:00,56.472408,0.0,0.0,53.75,67.07,13.8,0.0,4.69,65.980003,34.369999,23.440001,19.0,2019,9,37,13,10,26382
2021-09-13 11:00:00,48.490067,0.0,0.0,19.25,58.904999,67.900002,0.0,4.69,65.980003,34.369999,23.440001,19.0,2019,9,37,13,11,26383
2021-09-13 00:00:00,55.108952,0.0,0.0,53.25,55.705002,176.600006,0.0,4.69,65.980003,34.369999,23.440001,19.0,2019,9,37,13,12,26384
2021-09-13 13:00:00,43.291786,0.0,0.0,71.25,47.842499,259.200012,0.0,4.69,65.980003,34.369999,23.440001,19.0,2019,9,37,13,13,26385
2021-09-13 14:00:00,29.429432,0.0,0.0,62.0,46.0275,382.100006,0.0,4.69,65.980003,34.369999,23.440001,19.0,2019,9,37,13,14,26386
2021-09-13 15:00:00,12.6977,0.0,0.0,56.0,51.467499,794.099976,0.0,4.69,65.980003,34.369999,23.440001,19.0,2019,9,37,13,15,26387
2021-09-13 16:00:00,0.0,0.0,0.0,50.25,55.404999,855.200012,0.0,4.69,65.980003,34.369999,23.440001,19.0,2019,9,37,13,16,26388
2021-09-13 17:00:00,0.0,0.0,0.0,50.0,58.294998,1120.199951,0.0,4.69,65.980003,34.369999,23.440001,19.0,2019,9,37,13,17,26389
2021-09-13 18:00:00,14.118304,0.0,0.0,49.75,60.605,706.5,0.0,4.69,65.980003,34.369999,23.440001,19.0,2019,9,37,13,18,26390
2021-09-13 19:00:00,20.424496,0.0,0.0,41.75,62.965,672.900024,0.0,4.69,65.980003,34.369999,23.440001,19.0,2019,9,37,13,19,26391
2021-09-13 20:00:00,28.917934,0.0,0.0,46.25,63.497501,614.099976,0.0,4.69,65.980003,34.369999,23.440001,19.0,2019,9,37,13,20,26392
2021-09-13 21:00:00,34.911835,0.0,0.0,41.5,66.495003,310.100006,0.0,4.69,65.980003,34.369999,23.440001,19.0,2019,9,37,13,21,26393
2021-09-13 22:00:00,35.536819,0.0,0.0,44.25,67.93,73.0,0.0,4.69,65.980003,34.369999,23.440001,19.0,2019,9,37,13,22,26394
2021-09-13 23:00:00,41.729523,0.0,0.0,46.75,67.342499,13.0,0.0,4.69,65.980003,34.369999,23.440001,19.0,2019,9,37,13,23,26395
2021-09-14 00:00:00,40.479553,0.0,0.0,37.0,69.8675,11.7,0.0,4.34,65.559998,33.330002,24.450001,19.690001,2019,9,37,14,0,26396
2021-09-14 01:00:00,44.711987,0.0,0.0,32.0,73.292503,11.6,0.0,4.34,65.559998,33.330002,24.450001,19.690001,2019,9,37,14,1,26397
2021-09-14 02:00:00,44.172318,0.0,0.0,41.0,73.125,11.8,0.0,4.34,65.559998,33.330002,24.450001,19.690001,2019,9,37,14,2,26398
2021-09-14 03:00:00,39.229584,0.0,0.0,29.25,74.052498,11.7,0.0,4.34,65.559998,33.330002,24.450001,19.690001,2019,9,37,14,3,26399
2021-09-14 04:00:00,48.717445,0.0,0.0,13.75,76.93,11.6,0.0,4.34,65.559998,33.330002,24.450001,19.690001,2019,9,37,14,4,26400
2021-09-14 05:00:00,42.95092,0.0,0.0,14.5,86.519997,11.6,0.0,4.34,65.559998,33.330002,24.450001,19.690001,2019,9,37,14,5,26401
2021-09-14 06:00:00,45.280228,0.0,0.0,20.75,85.557503,11.6,0.0,4.34,65.559998,33.330002,24.450001,19.690001,2019,9,37,14,6,26402
2021-09-14 07:00:00,47.92223,0.0,0.0,21.75,83.337502,11.6,0.0,4.34,65.559998,33.330002,24.450001,19.690001,2019,9,37,14,7,26403
2021-09-14 08:00:00,47.041294,0.0,0.0,25.0,85.317497,11.6,0.0,4.34,65.559998,33.330002,24.450001,19.690001,2019,9,37,14,8,26404
2021-09-14 09:00:00,50.734459,0.0,0.0,27.75,82.044998,11.6,0.0,4.34,65.559998,33.330002,24.450001,19.690001,2019,9,37,14,9,26405
2021-09-14 10:00:00,56.643044,0.0,0.0,37.25,81.095001,12.8,0.0,4.34,65.559998,33.330002,24.450001,19.690001,2019,9,37,14,10,26406
2021-09-14 11:00:00,53.574863,0.0,0.0,32.25,74.587502,25.4,0.0,4.34,65.559998,33.330002,24.450001,19.690001,2019,9,37,14,11,26407
2021-09-14 00:00:00,41.246597,0.0,0.0,50.75,67.019997,110.900002,0.0,4.34,65.559998,33.330002,24.450001,19.690001,2019,9,37,14,12,26408
2021-09-14 13:00:00,35.224125,0.0,0.0,47.25,64.824997,282.399994,0.0,4.34,65.559998,33.330002,24.450001,19.690001,2019,9,37,14,13,26409
2021-09-14 14:00:00,24.316065,0.0,0.0,57.0,62.802502,509.899994,0.0,4.34,65.559998,33.330002,24.450001,19.690001,2019,9,37,14,14,26410
2021-09-14 15:00:00,0.0,0.0,0.0,48.75,62.974998,797.5,0.0,4.34,65.559998,33.330002,24.450001,19.690001,2019,9,37,14,15,26411
2021-09-14 16:00:00,0.0,0.0,0.0,52.75,62.602501,898.400024,0.0,4.34,65.559998,33.330002,24.450001,19.690001,2019,9,37,14,16,26412
2021-09-14 17:00:00,0.0,0.0,0.0,50.5,64.167503,1028.199951,0.0,4.34,65.559998,33.330002,24.450001,19.690001,2019,9,37,14,17,26413
2021-09-14 18:00:00,8.635499,0.0,0.0,49.5,64.497498,987.0,0.0,4.34,65.559998,33.330002,24.450001,19.690001,2019,9,37,14,18,26414
2021-09-14 19:00:00,31.701996,0.0,0.0,45.5,65.852501,551.5,0.0,4.34,65.559998,33.330002,24.450001,19.690001,2019,9,37,14,19,26415
2021-09-14 20:00:00,28.29295,0.0,0.0,50.25,66.322502,367.799988,0.0,4.34,65.559998,33.330002,24.450001,19.690001,2019,9,37,14,20,26416
2021-09-14 21:00:00,38.036358,0.0,0.0,44.5,66.910004,259.600006,0.0,4.34,65.559998,33.330002,24.450001,19.690001,2019,9,37,14,21,26417
2021-09-14 22:00:00,34.059471,0.0,0.0,42.0,67.629997,66.800003,0.0,4.34,65.559998,33.330002,24.450001,19.690001,2019,9,37,14,22,26418
2021-09-14 23:00:00,42.155304,0.0,0.0,41.0,69.68,13.0,0.0,4.34,65.559998,33.330002,24.450001,19.690001,2019,9,37,14,23,26419
2021-09-15 00:00:00,50.507084,0.0,0.0,47.25,75.254997,11.8,0.0,3.55,72.129997,32.439999,24.43,18.32,2019,9,37,15,0,26420
2021-09-15 01:00:00,38.604599,0.0,0.0,29.75,76.699997,11.8,0.0,3.55,72.129997,32.439999,24.43,18.32,2019,9,37,15,1,26421
2021-09-15 02:00:00,42.695374,0.0,0.0,40.0,77.322502,11.8,0.0,3.55,72.129997,32.439999,24.43,18.32,2019,9,37,15,2,26422
2021-09-15 03:00:00,44.76873,0.0,0.0,35.0,80.227501,11.8,0.0,3.55,72.129997,32.439999,24.43,18.32,2019,9,37,15,3,26423
2021-09-15 04:00:00,45.024681,0.0,0.0,35.5,82.139999,11.9,0.0,3.55,72.129997,32.439999,24.43,18.32,2019,9,37,15,4,26424
2021-09-15 05:00:00,43.803284,0.0,0.0,32.0,80.934998,12.0,0.0,3.55,72.129997,32.439999,24.43,18.32,2019,9,37,15,5,26425
2021-09-15 06:00:00,43.03624,0.0,0.0,34.25,79.497498,11.7,0.0,3.55,72.129997,32.439999,24.43,18.32,2019,9,37,15,6,26426
2021-09-15 07:00:00,46.359566,0.0,0.0,35.25,81.25,11.7,0.0,3.55,72.129997,32.439999,24.43,18.32,2019,9,37,15,7,26427
2021-09-15 08:00:00,52.296722,0.0,0.0,35.0,82.707497,11.8,0.0,3.55,72.129997,32.439999,24.43,18.32,2019,9,37,15,8,26428
2021-09-15 09:00:00,53.347889,0.0,0.0,54.25,77.577499,11.8,0.0,3.55,72.129997,32.439999,24.43,18.32,2019,9,37,15,9,26429
2021-09-15 10:00:00,47.013123,0.0,0.0,61.0,69.900002,13.9,0.0,3.55,72.129997,32.439999,24.43,18.32,2019,9,37,15,10,26430
2021-09-15 11:00:00,36.928848,0.0,0.0,44.5,62.105,61.599998,0.0,3.55,72.129997,32.439999,24.43,18.32,2019,9,37,15,11,26431
2021-09-15 00:00:00,45.848469,0.0,0.0,57.5,61.580002,185.800003,0.0,3.55,72.129997,32.439999,24.43,18.32,2019,9,37,15,12,26432
2021-09-15 13:00:00,38.008186,0.0,0.0,63.25,60.977501,379.700012,0.0,3.55,72.129997,32.439999,24.43,18.32,2019,9,37,15,13,26433
2021-09-15 14:00:00,35.309441,0.0,0.0,65.5,60.892502,379.899994,0.0,3.55,72.129997,32.439999,24.43,18.32,2019,9,37,15,14,26434
2021-09-15 15:00:00,20.083632,0.0,0.0,68.5,59.8125,598.200012,0.0,3.55,72.129997,32.439999,24.43,18.32,2019,9,37,15,15,26435
2021-09-15 16:00:00,0.0,0.0,0.0,64.75,60.950001,487.399994,0.0,3.55,72.129997,32.439999,24.43,18.32,2019,9,37,15,16,26436
2021-09-15 17:00:00,0.0,0.0,0.0,61.5,63.307499,1081.300049,0.0,3.55,72.129997,32.439999,24.43,18.32,2019,9,37,15,17,26437
2021-09-15 18:00:00,0.0,0.0,0.0,60.75,65.177498,1032.900024,0.0,3.55,72.129997,32.439999,24.43,18.32,2019,9,37,15,18,26438
2021-09-15 19:00:00,0.0,0.0,0.0,57.0,69.547501,871.099976,0.0,3.55,72.129997,32.439999,24.43,18.32,2019,9,37,15,19,26439
2021-09-15 20:00:00,22.299047,0.0,0.0,55.0,71.697502,647.0,0.0,3.55,72.129997,32.439999,24.43,18.32,2019,9,37,15,20,26440
2021-09-15 21:00:00,30.253222,0.0,0.0,45.75,70.987503,355.799988,0.0,3.55,72.129997,32.439999,24.43,18.32,2019,9,37,15,21,26441
2021-09-15 22:00:00,33.519802,0.0,0.0,43.0,72.404999,71.0,0.0,3.55,72.129997,32.439999,24.43,18.32,2019,9,37,15,22,26442
2021-09-15 23:00:00,31.417873,0.0,0.0,50.5,71.892502,11.8,0.0,3.55,72.129997,32.439999,24.43,18.32,2019,9,37,15,23,26443
2021-09-16 00:00:00,48.774189,0.0,0.0,41.25,73.517502,11.7,0.0,6.63,71.480003,36.759998,26.23,21.99,2019,9,38,16,0,26444
2021-09-16 01:00:00,43.632648,0.0,0.0,32.0,78.6325,11.7,0.0,6.63,71.480003,36.759998,26.23,21.99,2019,9,38,16,1,26445
2021-09-16 02:00:00,39.48513,0.0,0.0,34.0,81.445,11.9,0.0,6.63,71.480003,36.759998,26.23,21.99,2019,9,38,16,2,26446
2021-09-16 03:00:00,41.019222,0.0,0.0,40.5,81.345001,11.8,0.0,6.63,71.480003,36.759998,26.23,21.99,2019,9,38,16,3,26447
2021-09-16 04:00:00,47.013123,0.0,0.0,31.0,78.602501,11.6,0.0,6.63,71.480003,36.759998,26.23,21.99,2019,9,38,16,4,26448
2021-09-16 05:00:00,40.366066,0.0,0.0,29.0,77.574997,11.7,0.0,6.63,71.480003,36.759998,26.23,21.99,2019,9,38,16,5,26449
2021-09-16 06:00:00,45.905212,0.0,0.0,36.75,80.279999,11.9,0.0,6.63,71.480003,36.759998,26.23,21.99,2019,9,38,16,6,26450
2021-09-16 07:00:00,44.996105,0.0,0.0,35.0,81.025002,11.6,0.0,6.63,71.480003,36.759998,26.23,21.99,2019,9,38,16,7,26451
2021-09-16 08:00:00,53.688751,0.0,0.0,50.0,82.055,11.8,0.0,6.63,71.480003,36.759998,26.23,21.99,2019,9,38,16,8,26452
2021-09-16 09:00:00,56.585899,0.0,0.0,78.0,77.095001,11.8,0.0,6.63,71.480003,36.759998,26.23,21.99,2019,9,38,16,9,26453
2021-09-16 10:00:00,59.085838,0.0,0.0,77.0,70.349998,19.1,0.0,6.63,71.480003,36.759998,26.23,21.99,2019,9,38,16,10,26454
2021-09-16 11:00:00,36.559414,0.0,0.0,40.0,69.557503,80.400002,0.0,6.63,71.480003,36.759998,26.23,21.99,2019,9,38,16,11,26455
2021-09-16 00:00:00,35.820938,0.0,0.0,80.25,70.394997,242.0,0.0,6.63,71.480003,36.759998,26.23,21.99,2019,9,38,16,12,26456
2021-09-16 13:00:00,34.627712,0.0,0.0,81.5,70.264999,476.399994,0.0,6.63,71.480003,36.759998,26.23,21.99,2019,9,38,16,13,26457
2021-09-16 14:00:00,6.362935,0.0,0.0,82.0,66.235001,712.5,0.0,6.63,71.480003,36.759998,26.23,21.99,2019,9,38,16,14,26458
2021-09-16 15:00:00,0.0,0.0,0.0,73.75,64.105003,785.400024,0.0,6.63,71.480003,36.759998,26.23,21.99,2019,9,38,16,15,26459
2021-09-16 16:00:00,0.0,0.0,0.0,69.25,65.529999,911.299988,0.0,6.63,71.480003,36.759998,26.23,21.99,2019,9,38,16,16,26460
2021-09-16 17:00:00,0.0,0.0,0.0,68.5,62.807499,1001.200012,0.0,6.63,71.480003,36.759998,26.23,21.99,2019,9,38,16,17,26461
2021-09-16 18:00:00,0.0,0.0,0.0,62.25,62.465,993.5,0.0,6.63,71.480003,36.759998,26.23,21.99,2019,9,38,16,18,26462
2021-09-16 19:00:00,10.056102,0.0,0.0,55.5,66.0,816.599976,0.0,6.63,71.480003,36.759998,26.23,21.99,2019,9,38,16,19,26463
2021-09-16 20:00:00,30.480194,0.0,0.0,54.75,64.972504,582.200012,0.0,6.63,71.480003,36.759998,26.23,21.99,2019,9,38,16,20,26464
2021-09-16 21:00:00,32.752758,0.0,0.0,44.5,66.139999,269.399994,0.0,6.63,71.480003,36.759998,26.23,21.99,2019,9,38,16,21,26465
2021-09-16 22:00:00,32.241665,0.0,0.0,40.25,68.214996,79.300003,0.0,6.63,71.480003,36.759998,26.23,21.99,2019,9,38,16,22,26466
2021-09-16 23:00:00,37.468517,0.0,0.0,44.75,73.294998,16.9,0.0,6.63,71.480003,36.759998,26.23,21.99,2019,9,38,16,23,26467
2021-09-17 00:00:00,55.080379,0.0,0.0,32.75,73.709999,11.8,0.0,5.6,72.080002,34.810001,25.190001,21.780001,2019,9,38,17,0,26468
2021-09-17 01:00:00,46.104015,0.0,0.0,35.75,76.709999,11.9,0.0,5.6,72.080002,34.810001,25.190001,21.780001,2019,9,38,17,1,26469
2021-09-17 02:00:00,41.274769,0.0,0.0,34.75,77.885002,11.9,0.0,5.6,72.080002,34.810001,25.190001,21.780001,2019,9,38,17,2,26470
2021-09-17 03:00:00,42.439423,0.0,0.0,30.0,77.18,11.9,0.0,5.6,72.080002,34.810001,25.190001,21.780001,2019,9,38,17,3,26471
2021-09-17 04:00:00,46.388138,0.0,0.0,32.25,74.980003,11.9,0.0,5.6,72.080002,34.810001,25.190001,21.780001,2019,9,38,17,4,26472
2021-09-17 05:00:00,47.12661,0.0,0.0,35.0,74.837502,11.9,0.0,5.6,72.080002,34.810001,25.190001,21.780001,2019,9,38,17,5,26473
2021-09-17 06:00:00,44.342953,0.0,0.0,45.5,71.290001,11.8,0.0,5.6,72.080002,34.810001,25.190001,21.780001,2019,9,38,17,6,26474
2021-09-17 07:00:00,51.416187,0.0,0.0,53.5,74.300003,11.8,0.0,5.6,72.080002,34.810001,25.190001,21.780001,2019,9,38,17,7,26475
2021-09-17 08:00:00,51.046749,0.0,0.0,64.25,75.839996,11.7,0.0,5.6,72.080002,34.810001,25.190001,21.780001,2019,9,38,17,8,26476
2021-09-17 09:00:00,53.063766,0.0,0.0,70.0,74.297501,11.7,0.0,5.6,72.080002,34.810001,25.190001,21.780001,2019,9,38,17,9,26477
2021-09-17 10:00:00,56.302177,0.0,0.0,65.5,71.190002,11.9,0.0,5.6,72.080002,34.810001,25.190001,21.780001,2019,9,38,17,10,26478
2021-09-17 11:00:00,39.854568,0.0,0.0,35.25,73.152496,38.400002,0.0,5.6,72.080002,34.810001,25.190001,21.780001,2019,9,38,17,11,26479
2021-09-17 00:00:00,37.525261,0.0,0.0,68.25,78.205002,94.199997,0.0,5.6,72.080002,34.810001,25.190001,21.780001,2019,9,38,17,12,26480
2021-09-17 13:00:00,53.404633,0.0,0.0,66.75,75.002502,213.600006,0.0,5.6,72.080002,34.810001,25.190001,21.780001,2019,9,38,17,13,26481
2021-09-17 14:00:00,46.416309,0.0,0.0,76.0,69.235001,152.300003,0.0,5.6,72.080002,34.810001,25.190001,21.780001,2019,9,38,17,14,26482
2021-09-17 15:00:00,41.558891,0.0,0.0,77.0,65.610001,121.800003,0.0,5.6,72.080002,34.810001,25.190001,21.780001,2019,9,38,17,15,26483
2021-09-17 16:00:00,6.079217,0.0,0.0,73.25,67.470001,675.200012,0.0,5.6,72.080002,34.810001,25.190001,21.780001,2019,9,38,17,16,26484
2021-09-17 17:00:00,18.066616,0.0,0.0,71.75,68.552498,737.799988,0.0,5.6,72.080002,34.810001,25.190001,21.780001,2019,9,38,17,17,26485
2021-09-17 18:00:00,22.554998,0.0,0.0,63.25,67.519997,731.799988,0.0,5.6,72.080002,34.810001,25.190001,21.780001,2019,9,38,17,18,26486
2021-09-17 19:00:00,22.469683,0.0,0.0,59.25,69.4925,412.600006,0.0,5.6,72.080002,34.810001,25.190001,21.780001,2019,9,38,17,19,26487
2021-09-17 20:00:00,37.297886,0.0,0.0,53.5,68.907501,573.900024,0.0,5.6,72.080002,34.810001,25.190001,21.780001,2019,9,38,17,20,26488
2021-09-17 21:00:00,37.468517,0.0,0.0,50.0,69.614998,252.800003,0.0,5.6,72.080002,34.810001,25.190001,21.780001,2019,9,38,17,21,26489
2021-09-17 22:00:00,41.019222,0.0,0.0,38.5,72.902496,55.200001,0.0,5.6,72.080002,34.810001,25.190001,21.780001,2019,9,38,17,22,26490
2021-09-17 23:00:00,48.433323,0.0,0.0,38.5,74.932503,11.7,0.0,5.6,72.080002,34.810001,25.190001,21.780001,2019,9,38,17,23,26491
2021-09-18 00:00:00,25.878325,0.0,0.0,36.75,78.232498,11.8,0.0,5.47,72.68,34.080002,25.74,22.709999,2019,9,38,18,0,26492
2021-09-18 01:00:00,41.558891,0.0,0.0,33.25,79.732498,11.7,0.0,5.47,72.68,34.080002,25.74,22.709999,2019,9,38,18,1,26493
2021-09-18 02:00:00,49.597977,0.0,0.0,36.5,80.184998,11.9,0.0,5.47,72.68,34.080002,25.74,22.709999,2019,9,38,18,2,26494
2021-09-18 03:00:00,44.144146,0.0,0.0,29.0,78.207497,11.6,0.0,5.47,72.68,34.080002,25.74,22.709999,2019,9,38,18,3,26495
2021-09-18 04:00:00,46.444881,0.0,0.0,24.0,80.035004,11.7,0.0,5.47,72.68,34.080002,25.74,22.709999,2019,9,38,18,4,26496
2021-09-18 05:00:00,47.638107,0.0,0.0,23.0,80.957497,11.7,0.0,5.47,72.68,34.080002,25.74,22.709999,2019,9,38,18,5,26497
2021-09-18 06:00:00,68.119347,0.0,0.0,30.25,81.432503,11.8,0.0,5.47,72.68,34.080002,25.74,22.709999,2019,9,38,18,6,26498
2021-09-18 07:00:00,82.748749,0.0,0.0,38.0,81.334999,11.8,0.0,5.47,72.68,34.080002,25.74,22.709999,2019,9,38,18,7,26499
2021-09-18 08:00:00,92.065971,0.0,0.0,34.25,79.964996,11.6,0.0,5.47,72.68,34.080002,25.74,22.709999,2019,9,38,18,8,26500
2021-09-18 09:00:00,83.061035,0.0,0.0,70.25,75.519997,11.6,0.0,5.47,72.68,34.080002,25.74,22.709999,2019,9,38,18,9,26501
2021-09-18 10:00:00,63.460331,0.0,0.0,69.5,67.112503,18.299999,0.0,5.47,72.68,34.080002,25.74,22.709999,2019,9,38,18,10,26502
2021-09-18 11:00:00,48.149204,0.0,0.0,35.0,65.785004,78.900002,0.0,5.47,72.68,34.080002,25.74,22.709999,2019,9,38,18,11,26503
2021-09-18 00:00:00,40.99065,0.0,0.0,73.0,62.622501,239.5,0.0,5.47,72.68,34.080002,25.74,22.709999,2019,9,38,18,12,26504
2021-09-18 13:00:00,7.840283,0.0,0.0,79.0,63.695,474.899994,0.0,5.47,72.68,34.080002,25.74,22.709999,2019,9,38,18,13,26505
2021-09-18 14:00:00,8.408524,0.0,0.0,80.25,63.2775,703.900024,0.0,5.47,72.68,34.080002,25.74,22.709999,2019,9,38,18,14,26506
2021-09-18 15:00:00,0.0,0.0,0.0,75.5,65.252502,867.0,0.0,5.47,72.68,34.080002,25.74,22.709999,2019,9,38,18,15,26507
2021-09-18 16:00:00,0.0,0.0,0.0,70.75,65.214996,1036.5,0.0,5.47,72.68,34.080002,25.74,22.709999,2019,9,38,18,16,26508
2021-09-18 17:00:00,0.0,0.0,0.0,67.5,67.459999,1014.400024,0.0,5.47,72.68,34.080002,25.74,22.709999,2019,9,38,18,17,26509
2021-09-18 18:00:00,0.0,0.0,0.0,60.0,66.517502,906.5,0.0,5.47,72.68,34.080002,25.74,22.709999,2019,9,38,18,18,26510
2021-09-18 19:00:00,26.219191,0.0,0.0,53.75,65.212502,787.099976,0.0,5.47,72.68,34.080002,25.74,22.709999,2019,9,38,18,19,26511
2021-09-18 20:00:00,17.072596,0.0,0.0,52.5,67.684998,560.5,0.0,5.47,72.68,34.080002,25.74,22.709999,2019,9,38,18,20,26512
2021-09-18 21:00:00,27.724707,0.0,0.0,47.5,71.544998,273.299988,0.0,5.47,72.68,34.080002,25.74,22.709999,2019,9,38,18,21,26513
2021-09-18 22:00:00,35.195953,0.0,0.0,42.75,73.587502,33.400002,0.0,5.47,72.68,34.080002,25.74,22.709999,2019,9,38,18,22,26514
2021-09-18 23:00:00,29.997271,0.0,0.0,35.25,72.907501,11.8,0.0,5.47,72.68,34.080002,25.74,22.709999,2019,9,38,18,23,26515
2021-09-19 00:00:00,52.836391,0.0,0.0,40.75,73.300003,11.8,0.0,5.41,72.540001,34.709999,25.059999,21.23,2019,9,38,19,0,26516
2021-09-19 01:00:00,37.127655,0.0,0.0,29.5,74.317497,11.8,0.0,5.41,72.540001,34.709999,25.059999,21.23,2019,9,38,19,1,26517
2021-09-19 02:00:00,49.711868,0.0,0.0,31.5,74.7575,11.8,0.0,5.41,72.540001,34.709999,25.059999,21.23,2019,9,38,19,2,26518
2021-09-19 03:00:00,41.502148,0.0,0.0,36.25,77.642502,11.8,0.0,5.41,72.540001,34.709999,25.059999,21.23,2019,9,38,19,3,26519
2021-09-19 04:00:00,41.019222,0.0,0.0,20.25,77.1875,11.9,0.0,5.41,72.540001,34.709999,25.059999,21.23,2019,9,38,19,4,26520
2021-09-19 05:00:00,49.825356,0.0,0.0,23.25,78.175003,11.6,0.0,5.41,72.540001,34.709999,25.059999,21.23,2019,9,38,19,5,26521
2021-09-19 06:00:00,42.780289,0.0,0.0,30.5,77.93,11.7,0.0,5.41,72.540001,34.709999,25.059999,21.23,2019,9,38,19,6,26522
2021-09-19 07:00:00,49.597977,0.0,0.0,31.75,77.917503,11.8,0.0,5.41,72.540001,34.709999,25.059999,21.23,2019,9,38,19,7,26523
2021-09-19 08:00:00,51.643162,0.0,0.0,36.75,77.260002,11.9,0.0,5.41,72.540001,34.709999,25.059999,21.23,2019,9,38,19,8,26524
2021-09-19 09:00:00,49.058308,0.0,0.0,75.5,71.885002,12.0,0.0,5.41,72.540001,34.709999,25.059999,21.23,2019,9,38,19,9,26525
2021-09-19 10:00:00,54.768089,0.0,0.0,68.0,72.754997,26.6,0.0,5.41,72.540001,34.709999,25.059999,21.23,2019,9,38,19,10,26526
2021-09-19 11:00:00,40.99065,0.0,0.0,36.75,69.239998,103.400002,0.0,5.41,72.540001,34.709999,25.059999,21.23,2019,9,38,19,11,26527
2021-09-19 00:00:00,40.649784,0.0,0.0,67.75,67.5,325.299988,0.0,5.41,72.540001,34.709999,25.059999,21.23,2019,9,38,19,12,26528
2021-09-19 13:00:00,31.701996,0.0,0.0,77.25,72.927498,585.200012,0.0,5.41,72.540001,34.709999,25.059999,21.23,2019,9,38,19,13,26529
2021-09-19 14:00:00,6.079217,0.0,0.0,80.75,74.072502,804.200012,0.0,5.41,72.540001,34.709999,25.059999,21.23,2019,9,38,19,14,26530
2021-09-19 15:00:00,0.0,0.0,0.0,74.0,72.217499,971.0,0.0,5.41,72.540001,34.709999,25.059999,21.23,2019,9,38,19,15,26531
2021-09-19 16:00:00,0.0,0.0,0.0,70.0,72.6325,1060.5,0.0,5.41,72.540001,34.709999,25.059999,21.23,2019,9,38,19,16,26532
2021-09-19 17:00:00,0.0,0.0,0.0,64.75,72.445,1047.5,0.0,5.41,72.540001,34.709999,25.059999,21.23,2019,9,38,19,17,26533
2021-09-19 18:00:00,0.0,0.0,0.0,59.25,73.5,963.0,0.0,5.41,72.540001,34.709999,25.059999,21.23,2019,9,38,19,18,26534
2021-09-19 19:00:00,0.0,0.0,0.0,56.0,73.824997,715.799988,0.0,5.41,72.540001,34.709999,25.059999,21.23,2019,9,38,19,19,26535
2021-09-19 20:00:00,31.21907,0.0,0.0,48.0,74.690002,390.799988,0.0,5.41,72.540001,34.709999,25.059999,21.23,2019,9,38,19,20,26536
2021-09-19 21:00:00,27.042978,0.0,0.0,41.25,74.227501,76.0,0.0,5.41,72.540001,34.709999,25.059999,21.23,2019,9,38,19,21,26537
2021-09-19 22:00:00,34.59914,0.0,0.0,38.0,72.464996,11.7,0.0,5.41,72.540001,34.709999,25.059999,21.23,2019,9,38,19,22,26538
2021-09-19 23:00:00,29.457602,0.0,0.0,38.5,73.565002,11.7,0.0,5.41,72.540001,34.709999,25.059999,21.23,2019,9,38,19,23,26539
2021-09-20 00:00:00,0.0,48.490028,0.0,32.0,73.822502,11.8,0.0,5.54,74.050003,35.110001,24.370001,20.940001,2019,9,38,20,0,26540
2021-09-20 01:00:00,45.87664,0.0,0.0,24.25,70.532501,11.8,0.0,5.54,74.050003,35.110001,24.370001,20.940001,2019,9,38,20,1,26541
2021-09-20 02:00:00,39.883141,0.0,0.0,32.75,70.815002,11.6,0.0,5.54,74.050003,35.110001,24.370001,20.940001,2019,9,38,20,2,26542
2021-09-20 03:00:00,45.479031,0.0,0.0,31.25,70.502502,11.7,0.0,5.54,74.050003,35.110001,24.370001,20.940001,2019,9,38,20,3,26543
2021-09-20 04:00:00,43.916771,0.0,0.0,35.0,72.017502,11.7,0.0,5.54,74.050003,35.110001,24.370001,20.940001,2019,9,38,20,4,26544
2021-09-20 05:00:00,45.56435,0.0,0.0,29.75,72.309998,11.7,0.0,5.54,74.050003,35.110001,24.370001,20.940001,2019,9,38,20,5,26545
2021-09-20 06:00:00,38.917294,10.908304,0.0,35.5,72.647499,11.6,0.0,5.54,74.050003,35.110001,24.370001,20.940001,2019,9,38,20,6,26546
2021-09-20 07:00:00,9.260484,43.007828,0.0,53.25,73.147499,11.7,0.0,5.54,74.050003,35.110001,24.370001,20.940001,2019,9,38,20,7,26547
2021-09-20 08:00:00,0.0,50.507088,0.0,51.75,75.172501,11.7,0.0,5.54,74.050003,35.110001,24.370001,20.940001,2019,9,38,20,8,26548
2021-09-20 09:00:00,0.0,53.660175,0.0,74.0,75.995003,11.7,0.0,5.54,74.050003,35.110001,24.370001,20.940001,2019,9,38,20,9,26549
2021-09-20 10:00:00,0.0,54.768154,0.0,72.75,78.832497,28.299999,0.0,5.54,74.050003,35.110001,24.370001,20.940001,2019,9,38,20,10,26550
2021-09-20 11:00:00,37.496689,0.0,0.0,36.25,78.877502,137.399994,0.0,5.54,74.050003,35.110001,24.370001,20.940001,2019,9,38,20,11,26551
2021-09-20 00:00:00,37.496689,0.0,0.0,80.0,74.150002,243.5,0.0,5.54,74.050003,35.110001,24.370001,20.940001,2019,9,38,20,12,26552
2021-09-20 13:00:00,0.0,40.934032,0.0,86.75,75.150002,607.200012,0.0,5.54,74.050003,35.110001,24.370001,20.940001,2019,9,38,20,13,26553
2021-09-20 14:00:00,0.0,27.810087,0.0,88.5,75.574997,809.5,0.0,5.54,74.050003,35.110001,24.370001,20.940001,2019,9,38,20,14,26554
2021-09-20 15:00:00,0.0,14.118129,0.0,74.75,73.059998,1014.400024,0.0,5.54,74.050003,35.110001,24.370001,20.940001,2019,9,38,20,15,26555
2021-09-20 16:00:00,0.0,28.775904,0.0,59.0,69.192497,481.700012,0.0,5.54,74.050003,35.110001,24.370001,20.940001,2019,9,38,20,16,26556
2021-09-20 17:00:00,0.0,31.474451,0.0,49.5,68.0075,296.299988,0.0,5.54,74.050003,35.110001,24.370001,20.940001,2019,9,38,20,17,26557
2021-09-20 18:00:00,0.0,34.712963,0.0,57.0,67.582497,132.0,0.0,5.54,74.050003,35.110001,24.370001,20.940001,2019,9,38,20,18,26558
2021-09-20 19:00:00,0.0,36.900234,0.0,46.75,69.980003,111.599998,0.0,5.54,74.050003,35.110001,24.370001,20.940001,2019,9,38,20,19,26559
2021-09-20 20:00:00,0.0,45.479107,0.0,50.0,70.525002,50.599998,0.0,5.54,74.050003,35.110001,24.370001,20.940001,2019,9,38,20,20,26560
2021-09-20 21:00:00,0.0,45.933643,0.0,45.75,68.567497,15.9,0.0,5.54,74.050003,35.110001,24.370001,20.940001,2019,9,38,20,21,26561
2021-09-20 22:00:00,0.0,41.871479,0.0,41.25,71.660004,11.9,0.0,5.54,74.050003,35.110001,24.370001,20.940001,2019,9,38,20,22,26562
2021-09-20 23:00:00,0.0,44.683823,0.0,38.5,74.3125,11.8,0.0,5.54,74.050003,35.110001,24.370001,20.940001,2019,9,38,20,23,26563
2021-09-21 00:00:00,0.0,52.438721,0.0,44.5,76.504997,11.7,0.0,3.41,72.620003,29.969999,25.549999,22.709999,2019,9,38,21,0,26564
2021-09-21 01:00:00,0.0,42.666763,0.0,30.75,79.07,11.9,0.0,3.41,72.620003,29.969999,25.549999,22.709999,2019,9,38,21,1,26565
2021-09-21 02:00:00,0.0,44.996197,0.0,45.25,80.485001,11.9,0.0,3.41,72.620003,29.969999,25.549999,22.709999,2019,9,38,21,2,26566
2021-09-21 03:00:00,0.0,45.052937,0.0,46.5,81.044998,11.9,0.0,3.41,72.620003,29.969999,25.549999,22.709999,2019,9,38,21,3,26567
2021-09-21 04:00:00,0.0,42.922401,0.0,32.5,80.277496,12.0,0.0,3.41,72.620003,29.969999,25.549999,22.709999,2019,9,38,21,4,26568
2021-09-21 05:00:00,0.0,49.115101,0.0,30.5,83.442497,11.7,0.0,3.41,72.620003,29.969999,25.549999,22.709999,2019,9,38,21,5,26569
2021-09-21 06:00:00,0.0,43.547474,0.0,34.75,82.532501,11.6,0.0,3.41,72.620003,29.969999,25.549999,22.709999,2019,9,38,21,6,26570
2021-09-21 07:00:00,0.0,45.251835,0.0,37.25,82.822502,11.9,0.0,3.41,72.620003,29.969999,25.549999,22.709999,2019,9,38,21,7,26571
2021-09-21 08:00:00,0.0,51.643436,0.0,40.0,82.154999,11.8,0.0,3.41,72.620003,29.969999,25.549999,22.709999,2019,9,38,21,8,26572
2021-09-21 09:00:00,0.0,45.905277,0.0,52.0,81.955002,24.1,0.0,3.41,72.620003,29.969999,25.549999,22.709999,2019,9,38,21,9,26573
2021-09-21 10:00:00,0.0,46.728928,0.0,51.75,76.957497,73.0,0.0,3.41,72.620003,29.969999,25.549999,22.709999,2019,9,38,21,10,26574
2021-09-21 11:00:00,0.0,44.143856,0.0,39.75,77.209999,281.299988,0.0,3.41,72.620003,29.969999,25.549999,22.709999,2019,9,38,21,11,26575
2021-09-21 00:00:00,0.0,49.342369,0.0,53.0,77.480003,233.300003,0.0,3.41,72.620003,29.969999,25.549999,22.709999,2019,9,38,21,12,26576
2021-09-21 13:00:00,0.0,48.23439,0.0,54.25,73.464996,240.800003,0.0,3.41,72.620003,29.969999,25.549999,22.709999,2019,9,38,21,13,26577
2021-09-21 14:00:00,0.0,44.428185,0.0,57.0,69.595001,327.0,0.0,3.41,72.620003,29.969999,25.549999,22.709999,2019,9,38,21,14,26578
2021-09-21 15:00:00,0.0,38.888603,0.0,57.25,66.709999,590.599976,0.0,3.41,72.620003,29.969999,25.549999,22.709999,2019,9,38,21,15,26579
2021-09-21 16:00:00,0.0,33.26424,0.0,55.0,70.220001,621.0,0.0,3.41,72.620003,29.969999,25.549999,22.709999,2019,9,38,21,16,26580
2021-09-21 17:00:00,0.0,27.895193,0.0,54.0,67.717499,366.799988,0.0,3.41,72.620003,29.969999,25.549999,22.709999,2019,9,38,21,17,26581
2021-09-21 18:00:00,0.0,35.593674,0.0,54.25,70.067497,494.600006,0.0,3.41,72.620003,29.969999,25.549999,22.709999,2019,9,38,21,18,26582
2021-09-21 19:00:00,0.0,30.310055,0.0,41.5,69.777496,138.399994,0.0,3.41,72.620003,29.969999,25.549999,22.709999,2019,9,38,21,19,26583
2021-09-21 20:00:00,0.0,40.33733,0.0,46.75,70.324997,76.099998,0.0,3.41,72.620003,29.969999,25.549999,22.709999,2019,9,38,21,20,26584
2021-09-21 21:00:00,0.0,43.235096,0.0,44.25,69.745003,15.9,0.0,3.41,72.620003,29.969999,25.549999,22.709999,2019,9,38,21,21,26585
2021-09-21 22:00:00,0.0,40.507862,0.0,35.25,67.292503,11.7,0.0,3.41,72.620003,29.969999,25.549999,22.709999,2019,9,38,21,22,26586
2021-09-21 23:00:00,0.0,47.296944,0.0,34.5,67.387497,11.7,0.0,3.41,72.620003,29.969999,25.549999,22.709999,2019,9,38,21,23,26587
2021-09-22 00:00:00,0.0,43.263466,0.0,40.5,69.129997,11.7,0.0,3.95,75.190002,30.959999,25.440001,22.889999,2019,9,38,22,0,26588
2021-09-22 01:00:00,0.0,44.371124,0.0,30.25,71.087502,11.6,0.0,3.95,75.190002,30.959999,25.440001,22.889999,2019,9,38,22,1,26589
2021-09-22 02:00:00,0.0,43.888218,0.0,28.5,70.622498,11.6,0.0,3.95,75.190002,30.959999,25.440001,22.889999,2019,9,38,22,2,26590
2021-09-22 03:00:00,0.0,49.882015,0.0,25.0,77.227501,11.7,0.0,3.95,75.190002,30.959999,25.440001,22.889999,2019,9,38,22,3,26591
2021-09-22 04:00:00,0.0,45.365311,0.0,20.75,82.472504,11.8,0.0,3.95,75.190002,30.959999,25.440001,22.889999,2019,9,38,22,4,26592
2021-09-22 05:00:00,0.0,41.786053,0.0,21.25,83.25,11.7,0.0,3.95,75.190002,30.959999,25.440001,22.889999,2019,9,38,22,5,26593
2021-09-22 06:00:00,0.0,46.132545,0.0,21.25,82.690002,11.6,0.0,3.95,75.190002,30.959999,25.440001,22.889999,2019,9,38,22,6,26594
2021-09-22 07:00:00,0.0,47.354,0.0,24.25,82.489998,11.6,0.0,3.95,75.190002,30.959999,25.440001,22.889999,2019,9,38,22,7,26595
2021-09-22 08:00:00,0.0,47.012936,0.0,32.5,80.769997,11.6,0.0,3.95,75.190002,30.959999,25.440001,22.889999,2019,9,38,22,8,26596
2021-09-22 09:00:00,0.0,47.893646,0.0,50.25,74.177498,24.1,0.0,3.95,75.190002,30.959999,25.440001,22.889999,2019,9,38,22,9,26597
2021-09-22 10:00:00,0.0,51.416164,0.0,47.0,68.849998,99.599998,0.0,3.95,75.190002,30.959999,25.440001,22.889999,2019,9,38,22,10,26598
2021-09-22 11:00:00,0.0,43.007828,0.0,33.5,65.027496,296.799988,0.0,3.95,75.190002,30.959999,25.440001,22.889999,2019,9,38,22,11,26599
2021-09-22 00:00:00,0.0,46.416553,0.0,53.25,60.737499,529.900024,0.0,3.95,75.190002,30.959999,25.440001,22.889999,2019,9,38,22,12,26600
2021-09-22 13:00:00,0.0,28.264627,0.0,55.75,61.974998,753.0,0.0,3.95,75.190002,30.959999,25.440001,22.889999,2019,9,38,22,13,26601
2021-09-22 14:00:00,0.0,10.396709,0.0,58.5,61.994999,885.099976,0.0,3.95,75.190002,30.959999,25.440001,22.889999,2019,9,38,22,14,26602
2021-09-22 15:00:00,0.0,0.0,0.0,60.0,61.014999,999.900024,0.0,3.95,75.190002,30.959999,25.440001,22.889999,2019,9,38,22,15,26603
2021-09-22 16:00:00,0.0,0.0,0.0,60.5,62.424999,946.0,0.0,3.95,75.190002,30.959999,25.440001,22.889999,2019,9,38,22,16,26604
2021-09-22 17:00:00,0.0,0.0,0.0,59.0,62.892502,780.700012,0.0,3.95,75.190002,30.959999,25.440001,22.889999,2019,9,38,22,17,26605
2021-09-22 18:00:00,0.0,13.265788,0.0,55.5,63.357498,524.200012,0.0,3.95,75.190002,30.959999,25.440001,22.889999,2019,9,38,22,18,26606
2021-09-22 19:00:00,0.0,16.731569,0.0,43.75,63.560001,502.200012,0.0,3.95,75.190002,30.959999,25.440001,22.889999,2019,9,38,22,19,26607
2021-09-22 20:00:00,0.0,23.066113,0.0,49.75,64.059998,162.5,0.0,3.95,75.190002,30.959999,25.440001,22.889999,2019,9,38,22,20,26608
2021-09-22 21:00:00,0.0,27.014803,0.0,37.75,55.389999,21.1,0.0,3.95,75.190002,30.959999,25.440001,22.889999,2019,9,38,22,21,26609
2021-09-22 22:00:00,0.0,26.617002,0.0,29.5,45.802502,11.9,0.0,3.95,75.190002,30.959999,25.440001,22.889999,2019,9,38,22,22,26610
2021-09-22 23:00:00,0.0,37.780945,0.0,31.5,45.540001,11.8,0.0,3.95,75.190002,30.959999,25.440001,22.889999,2019,9,38,22,23,26611
2021-09-23 00:00:00,0.0,48.461662,0.0,31.5,48.435001,11.8,0.0,3.92,67.300003,32.099998,24.43,20.49,2019,9,39,23,0,26612
2021-09-23 01:00:00,0.0,39.059135,0.0,23.5,49.494999,11.8,0.0,3.92,67.300003,32.099998,24.43,20.49,2019,9,39,23,1,26613
2021-09-23 02:00:00,0.0,35.423141,0.0,28.5,51.0275,11.7,0.0,3.92,67.300003,32.099998,24.43,20.49,2019,9,39,23,2,26614
2021-09-23 03:00:00,0.0,44.996197,0.0,26.5,51.285,11.8,0.0,3.92,67.300003,32.099998,24.43,20.49,2019,9,39,23,3,26615
2021-09-23 04:00:00,0.0,40.138748,0.0,15.0,52.369999,11.7,0.0,3.92,67.300003,32.099998,24.43,20.49,2019,9,39,23,4,26616
2021-09-23 05:00:00,0.0,43.519104,0.0,18.75,53.697498,11.7,0.0,3.92,67.300003,32.099998,24.43,20.49,2019,9,39,23,5,26617
2021-09-23 06:00:00,0.0,43.263466,0.0,20.75,55.215,11.7,0.0,3.92,67.300003,32.099998,24.43,20.49,2019,9,39,23,6,26618
2021-09-23 07:00:00,0.0,49.654747,0.0,26.5,56.115002,11.8,0.0,3.92,67.300003,32.099998,24.43,20.49,2019,9,39,23,7,26619
2021-09-23 08:00:00,0.0,53.063789,0.0,31.0,55.869999,11.7,0.0,3.92,67.300003,32.099998,24.43,20.49,2019,9,39,23,8,26620
2021-09-23 09:00:00,0.0,51.444534,0.0,45.5,53.705002,26.200001,0.0,3.92,67.300003,32.099998,24.43,20.49,2019,9,39,23,9,26621
2021-09-23 10:00:00,0.0,52.126343,0.0,64.75,50.615002,109.400002,0.0,3.92,67.300003,32.099998,24.43,20.49,2019,9,39,23,10,26622
2021-09-23 11:00:00,0.0,43.746372,0.0,39.0,48.577499,306.399994,0.0,3.92,67.300003,32.099998,24.43,20.49,2019,9,39,23,11,26623
2021-09-23 00:00:00,0.0,28.63406,0.0,53.0,58.365002,569.400024,0.0,3.92,67.300003,32.099998,24.43,20.49,2019,9,39,23,12,26624
2021-09-23 13:00:00,0.0,33.491508,0.0,64.0,54.84,787.200012,0.0,3.92,67.300003,32.099998,24.43,20.49,2019,9,39,23,13,26625
2021-09-23 14:00:00,0.0,5.482521,0.0,60.75,55.040001,961.599976,0.0,3.92,67.300003,32.099998,24.43,20.49,2019,9,39,23,14,26626
2021-09-23 15:00:00,0.0,0.0,0.0,59.75,54.099998,946.299988,0.0,3.92,67.300003,32.099998,24.43,20.49,2019,9,39,23,15,26627
2021-09-23 16:00:00,0.0,0.0,0.0,51.75,55.049999,1053.300049,0.0,3.92,67.300003,32.099998,24.43,20.49,2019,9,39,23,16,26628
2021-09-23 17:00:00,0.0,0.0,0.0,44.5,57.9375,994.700012,0.0,3.92,67.300003,32.099998,24.43,20.49,2019,9,39,23,17,26629
2021-09-23 18:00:00,0.0,0.0,0.0,53.75,53.752499,785.400024,0.0,3.92,67.300003,32.099998,24.43,20.49,2019,9,39,23,18,26630
2021-09-23 19:00:00,0.0,17.839231,0.0,48.5,57.07,525.700012,0.0,3.92,67.300003,32.099998,24.43,20.49,2019,9,39,23,19,26631
2021-09-23 20:00:00,0.0,21.049374,0.0,47.25,63.400002,241.300003,0.0,3.92,67.300003,32.099998,24.43,20.49,2019,9,39,23,20,26632
2021-09-23 21:00:00,0.0,29.542818,0.0,37.0,64.459999,26.1,0.0,3.92,67.300003,32.099998,24.43,20.49,2019,9,39,23,21,26633
2021-09-23 22:00:00,0.0,27.327181,0.0,33.5,64.702499,11.8,0.0,3.92,67.300003,32.099998,24.43,20.49,2019,9,39,23,22,26634
2021-09-23 23:00:00,0.0,36.729702,0.0,28.5,60.822498,11.6,0.0,3.92,67.300003,32.099998,24.43,20.49,2019,9,39,23,23,26635
2021-09-24 00:00:00,0.0,51.274002,0.0,20.25,62.4725,11.8,0.0,4.94,55.27,34.310001,24.08,20.129999,2019,9,39,24,0,26636
2021-09-24 01:00:00,0.0,41.530415,0.0,17.0,65.232498,11.7,0.0,4.94,55.27,34.310001,24.08,20.129999,2019,9,39,24,1,26637
2021-09-24 02:00:00,0.0,42.354385,0.0,18.25,65.142502,11.6,0.0,4.94,55.27,34.310001,24.08,20.129999,2019,9,39,24,2,26638
2021-09-24 03:00:00,0.0,39.570415,0.0,14.75,66.68,11.5,0.0,4.94,55.27,34.310001,24.08,20.129999,2019,9,39,24,3,26639
2021-09-24 04:00:00,0.0,45.564213,0.0,16.25,66.889999,11.6,0.0,4.94,55.27,34.310001,24.08,20.129999,2019,9,39,24,4,26640
2021-09-24 05:00:00,0.0,43.007828,0.0,13.5,66.485001,11.5,0.0,4.94,55.27,34.310001,24.08,20.129999,2019,9,39,24,5,26641
2021-09-24 06:00:00,0.0,42.127117,0.0,18.75,67.169998,11.6,0.0,4.94,55.27,34.310001,24.08,20.129999,2019,9,39,24,6,26642
2021-09-24 07:00:00,0.0,49.882015,0.0,23.5,66.900002,11.6,0.0,4.94,55.27,34.310001,24.08,20.129999,2019,9,39,24,7,26643
2021-09-24 08:00:00,0.0,52.183083,0.0,27.25,68.9375,11.6,0.0,4.94,55.27,34.310001,24.08,20.129999,2019,9,39,24,8,26644
2021-09-24 09:00:00,0.0,52.268188,0.0,48.5,63.419998,24.0,0.0,4.94,55.27,34.310001,24.08,20.129999,2019,9,39,24,9,26645
2021-09-24 10:00:00,0.0,53.092159,0.0,49.5,54.172501,98.300003,0.0,4.94,55.27,34.310001,24.08,20.129999,2019,9,39,24,10,26646
2021-09-24 11:00:00,0.0,40.990768,0.0,28.0,54.102501,309.299988,0.0,4.94,55.27,34.310001,24.08,20.129999,2019,9,39,24,11,26647
2021-09-24 00:00:00,0.0,34.286793,0.0,67.5,50.209999,559.0,0.0,4.94,55.27,34.310001,24.08,20.129999,2019,9,39,24,12,26648
2021-09-24 13:00:00,0.0,28.037357,0.0,59.5,58.080002,795.700012,0.0,4.94,55.27,34.310001,24.08,20.129999,2019,9,39,24,13,26649
2021-09-24 14:00:00,0.0,9.459261,0.0,62.5,51.7075,975.799988,0.0,4.94,55.27,34.310001,24.08,20.129999,2019,9,39,24,14,26650
2021-09-24 15:00:00,0.0,0.0,0.0,59.5,53.0075,1085.0,0.0,4.94,55.27,34.310001,24.08,20.129999,2019,9,39,24,15,26651
2021-09-24 16:00:00,0.0,0.0,0.0,56.25,54.294998,1101.599976,0.0,4.94,55.27,34.310001,24.08,20.129999,2019,9,39,24,16,26652
2021-09-24 17:00:00,0.0,0.0,0.0,58.5,56.637501,1015.299988,0.0,4.94,55.27,34.310001,24.08,20.129999,2019,9,39,24,17,26653
2021-09-24 18:00:00,0.0,0.0,0.0,46.25,55.049999,840.200012,0.0,4.94,55.27,34.310001,24.08,20.129999,2019,9,39,24,18,26654
2021-09-24 19:00:00,0.0,0.0,0.0,39.0,65.980003,587.5,0.0,4.94,55.27,34.310001,24.08,20.129999,2019,9,39,24,19,26655
2021-09-24 20:00:00,0.0,10.396709,0.0,40.25,65.517502,292.299988,0.0,4.94,55.27,34.310001,24.08,20.129999,2019,9,39,24,20,26656
2021-09-24 21:00:00,0.0,36.956974,0.0,43.75,66.294998,32.400002,0.0,4.94,55.27,34.310001,24.08,20.129999,2019,9,39,24,21,26657
2021-09-24 22:00:00,0.0,25.707924,0.0,35.25,67.5625,11.9,0.0,4.94,55.27,34.310001,24.08,20.129999,2019,9,39,24,22,26658
2021-09-24 23:00:00,0.0,27.412287,0.0,30.75,70.277496,11.7,0.0,4.94,55.27,34.310001,24.08,20.129999,2019,9,39,24,23,26659
2021-09-25 00:00:00,4.346322,20.481359,6.36301,22.75,71.6175,11.9,0.0,4.28,61.82,33.919998,22.91,18.280001,2019,9,39,25,0,26660
2021-09-25 01:00:00,0.0,40.678394,0.0,18.75,71.540001,11.9,0.0,4.28,61.82,33.919998,22.91,18.280001,2019,9,39,25,1,26661
2021-09-25 02:00:00,0.0,36.13332,0.0,24.5,71.3825,11.7,0.0,4.28,61.82,33.919998,22.91,18.280001,2019,9,39,25,2,26662
2021-09-25 03:00:00,0.0,42.666763,0.0,14.25,70.114998,11.7,0.0,4.28,61.82,33.919998,22.91,18.280001,2019,9,39,25,3,26663
2021-09-25 04:00:00,0.0,42.695133,0.0,20.0,76.264999,11.6,0.0,4.28,61.82,33.919998,22.91,18.280001,2019,9,39,25,4,26664
2021-09-25 05:00:00,0.0,44.428185,0.0,18.25,70.092499,11.8,0.0,4.28,61.82,33.919998,22.91,18.280001,2019,9,39,25,5,26665
2021-09-25 06:00:00,0.0,59.171062,0.0,25.75,58.697498,11.6,0.0,4.28,61.82,33.919998,22.91,18.280001,2019,9,39,25,6,26666
2021-09-25 07:00:00,0.0,90.844414,0.0,37.0,56.139999,11.9,0.0,4.28,61.82,33.919998,22.91,18.280001,2019,9,39,25,7,26667
2021-09-25 08:00:00,0.0,84.509872,0.0,40.75,55.802502,11.8,0.0,4.28,61.82,33.919998,22.91,18.280001,2019,9,39,25,8,26668
2021-09-25 09:00:00,0.0,80.24881,0.0,61.75,55.435001,33.400002,0.0,4.28,61.82,33.919998,22.91,18.280001,2019,9,39,25,9,26669
2021-09-25 10:00:00,29.173483,65.221603,14.43068,54.25,55.830002,138.0,0.0,4.28,61.82,33.919998,22.91,18.280001,2019,9,39,25,10,26670
2021-09-25 11:00:00,0.0,33.803886,0.0,28.0,64.449997,364.799988,0.0,4.28,61.82,33.919998,22.91,18.280001,2019,9,39,25,11,26671
2021-09-25 00:00:00,0.0,35.394772,0.0,65.25,54.305,613.900024,0.0,4.28,61.82,33.919998,22.91,18.280001,2019,9,39,25,12,26672
2021-09-25 13:00:00,0.0,0.0,0.0,68.25,60.805,836.0,0.0,4.28,61.82,33.919998,22.91,18.280001,2019,9,39,25,13,26673
2021-09-25 14:00:00,0.0,0.0,0.0,85.25,50.345001,1005.200012,0.0,4.28,61.82,33.919998,22.91,18.280001,2019,9,39,25,14,26674
2021-09-25 15:00:00,0.0,0.0,0.0,81.75,49.465,1100.300049,0.0,4.28,61.82,33.919998,22.91,18.280001,2019,9,39,25,15,26675
2021-09-25 16:00:00,0.0,0.0,0.0,76.0,48.075001,1064.5,0.0,4.28,61.82,33.919998,22.91,18.280001,2019,9,39,25,16,26676
2021-09-25 17:00:00,0.0,0.0,0.0,75.5,44.439999,929.0,0.0,4.28,61.82,33.919998,22.91,18.280001,2019,9,39,25,17,26677
2021-09-25 18:00:00,0.0,0.0,0.0,71.75,47.662498,721.0,0.0,4.28,61.82,33.919998,22.91,18.280001,2019,9,39,25,18,26678
2021-09-25 19:00:00,0.0,0.0,0.0,61.75,55.352501,449.700012,0.0,4.28,61.82,33.919998,22.91,18.280001,2019,9,39,25,19,26679
2021-09-25 20:00:00,0.0,12.953412,0.0,56.0,62.040001,137.399994,0.0,4.28,61.82,33.919998,22.91,18.280001,2019,9,39,25,20,26680
2021-09-25 21:00:00,0.0,26.247889,0.0,48.5,39.1525,11.8,0.0,4.28,61.82,33.919998,22.91,18.280001,2019,9,39,25,21,26681
2021-09-25 22:00:00,0.0,22.498098,0.0,40.75,36.607498,11.6,0.0,4.28,61.82,33.919998,22.91,18.280001,2019,9,39,25,22,26682
2021-09-25 23:00:00,0.0,30.594061,0.0,41.5,38.48,11.8,0.0,4.28,61.82,33.919998,22.91,18.280001,2019,9,39,25,23,26683
2021-09-26 00:00:00,0.0,46.785667,0.0,31.25,50.580002,11.6,0.0,6.1,56.59,37.080002,25.0,19.25,2019,9,39,26,0,26684
2021-09-26 01:00:00,0.0,39.343143,0.0,29.5,79.962502,11.6,0.0,6.1,56.59,37.080002,25.0,19.25,2019,9,39,26,1,26685
2021-09-26 02:00:00,0.0,40.877293,0.0,31.75,76.5,11.6,0.0,6.1,56.59,37.080002,25.0,19.25,2019,9,39,26,2,26686
2021-09-26 03:00:00,0.0,41.814739,0.0,23.25,77.644997,11.7,0.0,6.1,56.59,37.080002,25.0,19.25,2019,9,39,26,3,26687
2021-09-26 04:00:00,0.0,40.479492,0.0,21.25,68.802498,11.7,0.0,6.1,56.59,37.080002,25.0,19.25,2019,9,39,26,4,26688
2021-09-26 05:00:00,0.0,42.070381,0.0,18.5,64.0075,11.6,0.0,6.1,56.59,37.080002,25.0,19.25,2019,9,39,26,5,26689
2021-09-26 06:00:00,0.0,41.814739,0.0,22.0,59.672501,11.6,0.0,6.1,56.59,37.080002,25.0,19.25,2019,9,39,26,6,26690
2021-09-26 07:00:00,0.0,49.086731,0.0,27.5,60.785,11.5,0.0,6.1,56.59,37.080002,25.0,19.25,2019,9,39,26,7,26691
2021-09-26 08:00:00,0.0,51.55801,0.0,32.5,59.872501,16.9,0.0,6.1,56.59,37.080002,25.0,19.25,2019,9,39,26,8,26692
2021-09-26 09:00:00,0.0,51.955811,0.0,55.75,58.59,69.800003,0.0,6.1,56.59,37.080002,25.0,19.25,2019,9,39,26,9,26693
2021-09-26 10:00:00,0.0,53.092159,0.0,50.25,56.119999,247.100006,0.0,6.1,56.59,37.080002,25.0,19.25,2019,9,39,26,10,26694
2021-09-26 11:00:00,0.0,36.98534,0.0,38.25,65.677498,491.0,0.0,6.1,56.59,37.080002,25.0,19.25,2019,9,39,26,11,26695
2021-09-26 00:00:00,0.0,35.70715,0.0,70.5,71.197502,727.5,0.0,6.1,56.59,37.080002,25.0,19.25,2019,9,39,26,12,26696
2021-09-26 13:00:00,0.0,31.389345,0.0,75.25,70.605003,922.0,0.0,6.1,56.59,37.080002,25.0,19.25,2019,9,39,26,13,26697
2021-09-26 14:00:00,0.0,7.527629,0.0,74.0,71.105003,1051.900024,0.0,6.1,56.59,37.080002,25.0,19.25,2019,9,39,26,14,26698
2021-09-26 15:00:00,0.0,0.0,0.0,71.0,72.282501,1090.900024,0.0,6.1,56.59,37.080002,25.0,19.25,2019,9,39,26,15,26699
2021-09-26 16:00:00,0.0,0.0,0.0,67.75,71.305,1032.199951,0.0,6.1,56.59,37.080002,25.0,19.25,2019,9,39,26,16,26700
2021-09-26 17:00:00,0.0,0.0,0.0,69.0,71.862503,877.0,0.0,6.1,56.59,37.080002,25.0,19.25,2019,9,39,26,17,26701
2021-09-26 18:00:00,0.0,0.0,0.0,67.5,74.190002,639.5,0.0,6.1,56.59,37.080002,25.0,19.25,2019,9,39,26,18,26702
2021-09-26 19:00:00,0.0,0.0,0.0,60.0,76.120003,345.899994,0.0,6.1,56.59,37.080002,25.0,19.25,2019,9,39,26,19,26703
2021-09-26 20:00:00,0.0,10.112701,0.0,53.0,74.540001,56.200001,0.0,6.1,56.59,37.080002,25.0,19.25,2019,9,39,26,20,26704
2021-09-26 21:00:00,0.0,36.10495,0.0,51.25,74.0075,11.9,0.0,6.1,56.59,37.080002,25.0,19.25,2019,9,39,26,21,26705
2021-09-26 22:00:00,0.0,25.651186,0.0,38.25,73.099998,11.8,0.0,6.1,56.59,37.080002,25.0,19.25,2019,9,39,26,22,26706
2021-09-26 23:00:00,0.0,29.684982,0.0,34.5,73.802498,12.0,0.0,6.1,56.59,37.080002,25.0,19.25,2019,9,39,26,23,26707
2021-09-27 00:00:00,0.0,40.934032,0.0,25.75,76.222504,11.8,0.0,5.44,69.029999,35.5,23.860001,19.780001,2019,9,39,27,0,26708
2021-09-27 01:00:00,0.0,40.422756,0.0,27.5,79.272499,11.8,0.0,5.44,69.029999,35.5,23.860001,19.780001,2019,9,39,27,1,26709
2021-09-27 02:00:00,0.0,35.593674,0.0,22.5,78.412498,11.9,0.0,5.44,69.029999,35.5,23.860001,19.780001,2019,9,39,27,2,26710
2021-09-27 03:00:00,0.0,44.08712,0.0,22.0,78.782501,11.7,0.0,5.44,69.029999,35.5,23.860001,19.780001,2019,9,39,27,3,26711
2021-09-27 04:00:00,0.0,39.229668,0.0,22.75,78.082497,11.7,0.0,5.44,69.029999,35.5,23.860001,19.780001,2019,9,39,27,4,26712
2021-09-27 05:00:00,0.0,48.774357,0.0,20.25,78.875,11.7,0.0,5.44,69.029999,35.5,23.860001,19.780001,2019,9,39,27,5,26713
2021-09-27 06:00:00,0.0,37.496937,0.0,21.5,79.160004,11.7,0.0,5.44,69.029999,35.5,23.860001,19.780001,2019,9,39,27,6,26714
2021-09-27 07:00:00,0.0,48.688931,0.0,21.0,78.089996,11.7,0.0,5.44,69.029999,35.5,23.860001,19.780001,2019,9,39,27,7,26715
2021-09-27 08:00:00,0.0,49.115101,0.0,25.5,77.917503,23.0,0.0,5.44,69.029999,35.5,23.860001,19.780001,2019,9,39,27,8,26716
2021-09-27 09:00:00,0.0,49.569641,0.0,40.25,73.447502,103.300003,0.0,5.44,69.029999,35.5,23.860001,19.780001,2019,9,39,27,9,26717
2021-09-27 10:00:00,0.0,49.654747,0.0,47.0,72.714996,305.700012,0.0,5.44,69.029999,35.5,23.860001,19.780001,2019,9,39,27,10,26718
2021-09-27 11:00:00,0.0,34.855125,0.0,32.5,71.912498,550.700012,0.0,5.44,69.029999,35.5,23.860001,19.780001,2019,9,39,27,11,26719
2021-09-27 00:00:00,0.0,33.150448,0.0,46.5,70.57,780.5,0.0,5.44,69.029999,35.5,23.860001,19.780001,2019,9,39,27,12,26720
2021-09-27 13:00:00,0.0,31.787148,0.0,59.25,68.900002,962.900024,0.0,5.44,69.029999,35.5,23.860001,19.780001,2019,9,39,27,13,26721
2021-09-27 14:00:00,0.0,1.732732,0.0,51.25,68.422501,1068.800049,0.0,5.44,69.029999,35.5,23.860001,19.780001,2019,9,39,27,14,26722
2021-09-27 15:00:00,0.0,0.0,0.0,55.0,68.682503,1081.800049,0.0,5.44,69.029999,35.5,23.860001,19.780001,2019,9,39,27,15,26723
2021-09-27 16:00:00,0.0,0.0,0.0,54.5,67.292503,994.200012,0.0,5.44,69.029999,35.5,23.860001,19.780001,2019,9,39,27,16,26724
2021-09-27 17:00:00,0.0,0.0,0.0,55.25,67.995003,804.200012,0.0,5.44,69.029999,35.5,23.860001,19.780001,2019,9,39,27,17,26725
2021-09-27 18:00:00,0.0,0.0,0.0,54.75,68.897499,551.900024,0.0,5.44,69.029999,35.5,23.860001,19.780001,2019,9,39,27,18,26726
2021-09-27 19:00:00,0.0,0.0,0.0,42.0,71.1875,245.300003,0.0,5.44,69.029999,35.5,23.860001,19.780001,2019,9,39,27,19,26727
2021-09-27 20:00:00,0.0,2.897449,0.0,47.75,73.207497,20.200001,0.0,5.44,69.029999,35.5,23.860001,19.780001,2019,9,39,27,20,26728
2021-09-27 21:00:00,0.0,38.690022,0.0,46.25,73.709999,11.6,0.0,5.44,69.029999,35.5,23.860001,19.780001,2019,9,39,27,21,26729
2021-09-27 22:00:00,0.0,26.2192,0.0,36.75,73.642502,11.7,0.0,5.44,69.029999,35.5,23.860001,19.780001,2019,9,39,27,22,26730
2021-09-27 23:00:00,0.0,27.071541,0.0,34.25,73.964996,11.6,0.0,5.44,69.029999,35.5,23.860001,19.780001,2019,9,39,27,23,26731
2021-09-28 00:00:00,0.0,43.803112,0.0,36.25,77.389999,11.6,0.0,4.52,73.949997,33.830002,23.110001,19.43,2019,9,39,28,0,26732
2021-09-28 01:00:00,0.0,34.599171,0.0,21.25,76.3675,11.5,0.0,4.52,73.949997,33.830002,23.110001,19.43,2019,9,39,28,1,26733
2021-09-28 02:00:00,0.0,34.599171,0.0,20.5,77.824997,11.5,0.0,4.52,73.949997,33.830002,23.110001,19.43,2019,9,39,28,2,26734
2021-09-28 03:00:00,0.0,46.246021,0.0,19.75,80.422501,11.6,0.0,4.52,73.949997,33.830002,23.110001,19.43,2019,9,39,28,3,26735
2021-09-28 04:00:00,0.0,35.67878,0.0,20.75,80.285004,11.6,0.0,4.52,73.949997,33.830002,23.110001,19.43,2019,9,39,28,4,26736
2021-09-28 05:00:00,0.0,45.308575,0.0,16.75,77.519997,11.5,0.0,4.52,73.949997,33.830002,23.110001,19.43,2019,9,39,28,5,26737
2021-09-28 06:00:00,0.0,38.377327,0.0,19.5,77.212502,11.6,0.0,4.52,73.949997,33.830002,23.110001,19.43,2019,9,39,28,6,26738
2021-09-28 07:00:00,0.0,48.972939,0.0,20.0,77.339996,11.6,0.0,4.52,73.949997,33.830002,23.110001,19.43,2019,9,39,28,7,26739
2021-09-28 08:00:00,0.0,50.791096,0.0,24.75,75.57,22.9,0.0,4.52,73.949997,33.830002,23.110001,19.43,2019,9,39,28,8,26740
2021-09-28 09:00:00,0.0,49.115101,0.0,37.75,70.029999,100.5,0.0,4.52,73.949997,33.830002,23.110001,19.43,2019,9,39,28,9,26741
2021-09-28 10:00:00,0.0,49.342369,0.0,33.75,67.290001,308.100006,0.0,4.52,73.949997,33.830002,23.110001,19.43,2019,9,39,28,10,26742
2021-09-28 11:00:00,0.0,39.030769,0.0,34.75,76.282501,415.700012,0.0,4.52,73.949997,33.830002,23.110001,19.43,2019,9,39,28,11,26743
2021-09-28 00:00:00,0.0,29.997358,0.0,37.0,72.477501,785.400024,0.0,4.52,73.949997,33.830002,23.110001,19.43,2019,9,39,28,12,26744
2021-09-28 13:00:00,0.0,20.452671,0.0,49.25,68.862503,955.799988,0.0,4.52,73.949997,33.830002,23.110001,19.43,2019,9,39,28,13,26745
2021-09-28 14:00:00,0.0,0.0,0.0,46.25,66.832497,1065.900024,0.0,4.52,73.949997,33.830002,23.110001,19.43,2019,9,39,28,14,26746
2021-09-28 15:00:00,0.0,0.0,0.0,53.0,65.129997,1075.400024,0.0,4.52,73.949997,33.830002,23.110001,19.43,2019,9,39,28,15,26747
2021-09-28 16:00:00,0.0,0.0,0.0,47.5,65.599998,992.400024,0.0,4.52,73.949997,33.830002,23.110001,19.43,2019,9,39,28,16,26748
2021-09-28 17:00:00,0.0,0.0,0.0,47.0,64.0,820.700012,0.0,4.52,73.949997,33.830002,23.110001,19.43,2019,9,39,28,17,26749
2021-09-28 18:00:00,0.0,0.0,0.0,46.5,66.334999,572.700012,0.0,4.52,73.949997,33.830002,23.110001,19.43,2019,9,39,28,18,26750
2021-09-28 19:00:00,0.0,0.0,0.0,42.5,71.227501,261.100006,0.0,4.52,73.949997,33.830002,23.110001,19.43,2019,9,39,28,19,26751
2021-09-28 20:00:00,0.0,12.129759,0.0,49.5,74.662498,21.1,0.0,4.52,73.949997,33.830002,23.110001,19.43,2019,9,39,28,20,26752
2021-09-28 21:00:00,0.0,42.155487,0.0,41.25,73.342499,11.9,0.0,4.52,73.949997,33.830002,23.110001,19.43,2019,9,39,28,21,26753
2021-09-28 22:00:00,0.0,22.810474,0.0,30.5,72.169998,12.0,0.0,4.52,73.949997,33.830002,23.110001,19.43,2019,9,39,28,22,26754
2021-09-28 23:00:00,0.0,27.440973,0.0,25.25,72.677498,11.8,0.0,4.52,73.949997,33.830002,23.110001,19.43,2019,9,39,28,23,26755
2021-09-29 00:00:00,0.0,46.814037,0.0,18.0,70.892502,11.8,0.0,4.39,72.790001,33.93,22.74,18.719999,2019,9,39,29,0,26756
2021-09-29 01:00:00,0.0,38.121689,0.0,14.75,69.6325,11.7,0.0,4.39,72.790001,33.93,22.74,18.719999,2019,9,39,29,1,26757
2021-09-29 02:00:00,0.0,39.201302,0.0,21.0,69.410004,11.8,0.0,4.39,72.790001,33.93,22.74,18.719999,2019,9,39,29,2,26758
2021-09-29 03:00:00,0.0,37.496937,0.0,17.75,69.254997,11.8,0.0,4.39,72.790001,33.93,22.74,18.719999,2019,9,39,29,3,26759
2021-09-29 04:00:00,0.0,47.354,0.0,15.0,67.620003,11.7,0.0,4.39,72.790001,33.93,22.74,18.719999,2019,9,39,29,4,26760
2021-09-29 05:00:00,0.0,36.956974,0.0,14.0,69.139999,11.6,0.0,4.39,72.790001,33.93,22.74,18.719999,2019,9,39,29,5,26761
2021-09-29 06:00:00,0.0,46.388184,0.0,17.25,69.472504,11.7,0.0,4.39,72.790001,33.93,22.74,18.719999,2019,9,39,29,6,26762
2021-09-29 07:00:00,0.0,43.036198,0.0,16.75,71.010002,11.7,0.0,4.39,72.790001,33.93,22.74,18.719999,2019,9,39,29,7,26763
2021-09-29 08:00:00,0.0,43.803112,0.0,19.75,68.152496,21.200001,0.0,4.39,72.790001,33.93,22.74,18.719999,2019,9,39,29,8,26764
2021-09-29 09:00:00,0.0,50.279819,0.0,32.75,65.717499,89.300003,0.0,4.39,72.790001,33.93,22.74,18.719999,2019,9,39,29,9,26765
2021-09-29 10:00:00,0.0,52.438721,0.0,45.25,68.769997,213.300003,0.0,4.39,72.790001,33.93,22.74,18.719999,2019,9,39,29,10,26766
2021-09-29 11:00:00,0.0,35.167503,0.0,25.5,69.7575,553.099976,0.0,4.39,72.790001,33.93,22.74,18.719999,2019,9,39,29,11,26767
2021-09-29 00:00:00,0.0,29.372606,0.0,47.0,68.629997,767.700012,0.0,4.39,72.790001,33.93,22.74,18.719999,2019,9,39,29,12,26768
2021-09-29 13:00:00,0.0,24.770475,0.0,49.5,65.254997,944.400024,0.0,4.39,72.790001,33.93,22.74,18.719999,2019,9,39,29,13,26769
2021-09-29 14:00:00,0.0,9.771956,0.0,52.25,63.047501,1048.900024,0.0,4.39,72.790001,33.93,22.74,18.719999,2019,9,39,29,14,26770
2021-09-29 15:00:00,0.0,0.0,0.0,53.5,63.3125,1062.300049,0.0,4.39,72.790001,33.93,22.74,18.719999,2019,9,39,29,15,26771
2021-09-29 16:00:00,0.0,0.0,0.0,41.0,65.717499,971.200012,0.0,4.39,72.790001,33.93,22.74,18.719999,2019,9,39,29,16,26772
2021-09-29 17:00:00,0.0,0.0,0.0,57.0,63.91,802.0,0.0,4.39,72.790001,33.93,22.74,18.719999,2019,9,39,29,17,26773
2021-09-29 18:00:00,0.0,0.0,0.0,53.25,66.275002,551.5,0.0,4.39,72.790001,33.93,22.74,18.719999,2019,9,39,29,18,26774
2021-09-29 19:00:00,0.0,0.0,0.0,44.0,72.044998,239.300003,0.0,4.39,72.790001,33.93,22.74,18.719999,2019,9,39,29,19,26775
2021-09-29 20:00:00,0.0,7.811955,0.0,44.75,75.347504,17.9,0.0,4.39,72.790001,33.93,22.74,18.719999,2019,9,39,29,20,26776
2021-09-29 21:00:00,0.0,36.13332,0.0,36.0,74.887497,11.6,0.0,4.39,72.790001,33.93,22.74,18.719999,2019,9,39,29,21,26777
2021-09-29 22:00:00,0.0,26.730797,0.0,39.5,74.092499,11.8,0.0,4.39,72.790001,33.93,22.74,18.719999,2019,9,39,29,22,26778
2021-09-29 23:00:00,0.0,26.929379,0.0,30.75,74.227501,11.6,0.0,4.39,72.790001,33.93,22.74,18.719999,2019,9,39,29,23,26779
2021-09-30 00:00:00,0.0,35.70715,0.0,20.5,74.602501,11.6,0.0,4.5,68.980003,34.310001,22.93,18.370001,2019,9,40,30,0,26780
2021-09-30 01:00:00,0.0,37.752575,0.0,16.0,79.160004,11.6,0.0,4.5,68.980003,34.310001,22.93,18.370001,2019,9,40,30,1,26781
2021-09-30 02:00:00,0.0,13.919228,68.602196,18.5,80.599998,11.6,0.0,4.5,68.980003,34.310001,22.93,18.370001,2019,9,40,30,2,26782
2021-09-30 03:00:00,0.0,0.0,41.047539,16.25,81.275002,11.6,0.0,4.5,68.980003,34.310001,22.93,18.370001,2019,9,40,30,3,26783
2021-09-30 04:00:00,0.0,0.0,45.535858,17.25,80.952499,11.6,0.0,4.5,68.980003,34.310001,22.93,18.370001,2019,9,40,30,4,26784
2021-09-30 05:00:00,0.0,0.0,41.27478,19.5,80.282501,11.6,0.0,4.5,68.980003,34.310001,22.93,18.370001,2019,9,40,30,5,26785
2021-09-30 06:00:00,0.0,0.0,45.280239,18.0,77.190002,11.6,0.0,4.5,68.980003,34.310001,22.93,18.370001,2019,9,40,30,6,26786
2021-09-30 07:00:00,0.0,0.0,45.308617,29.75,77.847504,11.6,0.0,4.5,68.980003,34.310001,22.93,18.370001,2019,9,40,30,7,26787
2021-09-30 08:00:00,0.0,0.0,54.768112,28.75,76.050003,17.0,0.0,4.5,68.980003,34.310001,22.93,18.370001,2019,9,40,30,8,26788
2021-09-30 09:00:00,0.0,0.0,53.09206,53.5,68.972504,73.599998,0.0,4.5,68.980003,34.310001,22.93,18.370001,2019,9,40,30,9,26789
2021-09-30 10:00:00,0.0,0.0,55.421463,62.5,68.589996,256.899994,0.0,4.5,68.980003,34.310001,22.93,18.370001,2019,9,40,30,10,26790
2021-09-30 11:00:00,0.0,0.0,44.712017,27.5,70.574997,503.299988,0.0,4.5,68.980003,34.310001,22.93,18.370001,2019,9,40,30,11,26791
2021-09-30 00:00:00,0.0,34.315163,0.0,67.0,70.019997,742.099976,0.0,4.5,68.980003,34.310001,22.93,18.370001,2019,9,40,30,12,26792
2021-09-30 13:00:00,0.0,0.0,28.889507,66.0,69.377502,950.700012,0.0,4.5,68.980003,34.310001,22.93,18.370001,2019,9,40,30,13,26793
2021-09-30 14:00:00,0.0,0.0,0.0,68.0,70.190002,1064.599976,0.0,4.5,68.980003,34.310001,22.93,18.370001,2019,9,40,30,14,26794
2021-09-30 15:00:00,0.0,0.0,0.0,62.75,68.532501,1074.900024,0.0,4.5,68.980003,34.310001,22.93,18.370001,2019,9,40,30,15,26795
2021-09-30 16:00:00,0.0,0.0,0.0,57.0,66.349998,1032.099976,0.0,4.5,68.980003,34.310001,22.93,18.370001,2019,9,40,30,16,26796
2021-09-30 17:00:00,0.0,0.0,0.0,46.5,66.07,666.099976,0.0,4.5,68.980003,34.310001,22.93,18.370001,2019,9,40,30,17,26797
2021-09-30 18:00:00,0.0,0.0,0.0,57.25,63.810001,402.5,0.0,4.5,68.980003,34.310001,22.93,18.370001,2019,9,40,30,18,26798
2021-09-30 19:00:00,0.0,0.0,50.194664,56.0,61.035,200.199997,0.0,4.5,68.980003,34.310001,22.93,18.370001,2019,9,40,30,19,26799
2021-09-30 20:00:00,0.0,0.0,12.697873,34.5,69.907501,24.4,0.0,4.5,68.980003,34.310001,22.93,18.370001,2019,9,40,30,20,26800
2021-09-30 21:00:00,0.0,0.0,44.11565,40.5,74.597504,11.9,0.0,4.5,68.980003,34.310001,22.93,18.370001,2019,9,40,30,21,26801
2021-09-30 22:00:00,0.0,0.0,28.548759,43.25,73.997498,12.0,0.0,4.5,68.980003,34.310001,22.93,18.370001,2019,9,40,30,22,26802
2021-09-30 23:00:00,0.0,0.0,37.496792,39.75,74.370003,11.7,0.0,4.5,68.980003,34.310001,22.93,18.370001,2019,9,40,30,23,26803
